# ************************************************************
# Sequel Pro SQL dump
# Version 4096
#
# http://www.sequelpro.com/
# http://code.google.com/p/sequel-pro/
#
# Host: localhost (MySQL 5.5.10)
# Database: amaya-004-hsbc
# Generation Time: 2015-06-02 02:06:02 +0000
# ************************************************************


/*!40101 SET @OLD_CHARACTER_SET_CLIENT=@@CHARACTER_SET_CLIENT */;
/*!40101 SET @OLD_CHARACTER_SET_RESULTS=@@CHARACTER_SET_RESULTS */;
/*!40101 SET @OLD_COLLATION_CONNECTION=@@COLLATION_CONNECTION */;
/*!40101 SET NAMES utf8 */;
/*!40014 SET @OLD_FOREIGN_KEY_CHECKS=@@FOREIGN_KEY_CHECKS, FOREIGN_KEY_CHECKS=0 */;
/*!40101 SET @OLD_SQL_MODE=@@SQL_MODE, SQL_MODE='NO_AUTO_VALUE_ON_ZERO' */;
/*!40111 SET @OLD_SQL_NOTES=@@SQL_NOTES, SQL_NOTES=0 */;


# Dump of table acos
# ------------------------------------------------------------

DROP TABLE IF EXISTS `acos`;

CREATE TABLE `acos` (
  `id` int(10) NOT NULL AUTO_INCREMENT,
  `parent_id` int(10) DEFAULT NULL,
  `model` varchar(255) DEFAULT NULL,
  `foreign_key` int(10) DEFAULT NULL,
  `alias` varchar(255) DEFAULT NULL,
  `description` text NOT NULL,
  `lft` int(10) DEFAULT NULL,
  `rght` int(10) DEFAULT NULL,
  `remarks` varchar(255) DEFAULT NULL,
  `status` smallint(1) NOT NULL DEFAULT '1',
  `created` datetime NOT NULL,
  `modified` datetime NOT NULL,
  PRIMARY KEY (`id`),
  KEY `lft` (`lft`),
  KEY `rght` (`rght`)
) ENGINE=MyISAM DEFAULT CHARSET=utf8;

LOCK TABLES `acos` WRITE;
/*!40000 ALTER TABLE `acos` DISABLE KEYS */;

INSERT INTO `acos` (`id`, `parent_id`, `model`, `foreign_key`, `alias`, `description`, `lft`, `rght`, `remarks`, `status`, `created`, `modified`)
VALUES
	(1,NULL,NULL,NULL,'superadmin','',1,38,NULL,1,'2014-11-25 00:00:00','2014-11-26 10:21:30'),
	(4,1,NULL,NULL,'Dashboard','',2,3,NULL,1,'2014-11-25 13:09:49','2014-11-25 13:09:49'),
	(5,1,NULL,NULL,'Administrator','',4,13,NULL,1,'2014-11-25 13:10:04','2014-11-25 13:10:04'),
	(7,5,NULL,NULL,'Module_Object','',5,6,NULL,1,'2014-11-25 13:10:52','2014-11-25 13:10:52'),
	(8,5,NULL,NULL,'Admin_Group','',7,8,NULL,1,'2014-11-25 13:11:06','2014-11-25 13:11:06'),
	(11,5,NULL,NULL,'Permission','',9,10,NULL,1,'2014-11-26 13:53:10','2014-11-26 13:53:10'),
	(14,5,NULL,NULL,'Admin','',11,12,NULL,1,'2014-11-26 15:08:25','2014-11-26 15:08:25'),
	(38,1,NULL,NULL,'SponsoredFiles','',24,25,NULL,1,'2015-05-22 14:52:54','2015-05-22 14:52:54'),
	(37,32,NULL,NULL,'MainPages','main pages, untuk setting2 halamannya',21,22,NULL,1,'2015-05-22 14:28:48','2015-05-22 14:28:48'),
	(30,1,NULL,NULL,'Files','',14,15,NULL,1,'2015-04-18 00:45:59','2015-04-18 00:45:59'),
	(31,1,NULL,NULL,'Users','User management baby',16,17,NULL,1,'2015-04-21 17:01:00','2015-04-21 17:01:00'),
	(32,1,NULL,NULL,'Settings','',18,23,NULL,1,'2015-04-22 12:34:57','2015-04-22 12:34:57'),
	(33,32,NULL,NULL,'Web_Menu','',19,20,NULL,1,'2015-04-22 12:35:13','2015-04-22 12:35:13'),
	(39,1,NULL,NULL,'OnlineDiningPromos','OnlineDiningPromos',26,27,NULL,1,'2015-05-25 10:05:08','2015-05-25 10:05:08'),
	(40,1,NULL,NULL,'Prizes','',28,29,NULL,1,'2015-05-25 12:27:51','2015-05-25 12:27:51'),
	(41,1,NULL,NULL,'HowTo','HowTo',30,31,NULL,1,'2015-05-28 11:42:16','2015-05-28 11:42:16'),
	(42,1,NULL,NULL,'WebPages','WebPages',32,33,NULL,1,'2015-05-30 09:39:07','2015-05-30 09:39:07'),
	(43,1,NULL,NULL,'Blogs','',34,35,NULL,1,'2015-06-01 09:52:49','2015-06-01 09:52:49'),
	(44,1,NULL,NULL,'ImportFiles','',36,37,NULL,1,'2015-06-01 15:51:52','2015-06-01 15:51:52');

/*!40000 ALTER TABLE `acos` ENABLE KEYS */;
UNLOCK TABLES;


# Dump of table admin_groups
# ------------------------------------------------------------

DROP TABLE IF EXISTS `admin_groups`;

CREATE TABLE `admin_groups` (
  `id` int(11) NOT NULL AUTO_INCREMENT,
  `name` varchar(255) NOT NULL,
  `description` text NOT NULL,
  `status` smallint(1) NOT NULL DEFAULT '1',
  `created` datetime NOT NULL,
  `modified` datetime NOT NULL,
  PRIMARY KEY (`id`)
) ENGINE=MyISAM DEFAULT CHARSET=utf8;

LOCK TABLES `admin_groups` WRITE;
/*!40000 ALTER TABLE `admin_groups` DISABLE KEYS */;

INSERT INTO `admin_groups` (`id`, `name`, `description`, `status`, `created`, `modified`)
VALUES
	(1,'superadmin','',1,'0000-00-00 00:00:00','0000-00-00 00:00:00');

/*!40000 ALTER TABLE `admin_groups` ENABLE KEYS */;
UNLOCK TABLES;


# Dump of table admins
# ------------------------------------------------------------

DROP TABLE IF EXISTS `admins`;

CREATE TABLE `admins` (
  `id` int(11) NOT NULL AUTO_INCREMENT,
  `aro_id` int(11) NOT NULL,
  `username` varchar(100) DEFAULT NULL,
  `fullname` varchar(100) DEFAULT NULL,
  `password` varchar(100) DEFAULT NULL,
  `status` int(1) DEFAULT NULL,
  `created` datetime DEFAULT NULL,
  `modified` datetime DEFAULT NULL,
  PRIMARY KEY (`id`)
) ENGINE=MyISAM DEFAULT CHARSET=utf8;

LOCK TABLES `admins` WRITE;
/*!40000 ALTER TABLE `admins` DISABLE KEYS */;

INSERT INTO `admins` (`id`, `aro_id`, `username`, `fullname`, `password`, `status`, `created`, `modified`)
VALUES
	(1,1,'admin','Superadmin','2sXP4s+SqZI=',1,'2014-02-06 04:09:01','2015-04-09 02:00:21'),
	(17,3,'finance1','Finance Demo 1','2tTG38LV3cc=',1,'2015-04-24 13:03:59','2015-05-06 10:13:27'),
	(18,4,'dr_jessy','Doctor Jessy Hartono','2tTG38LV3cc=',1,'2015-04-24 13:06:09','2015-05-13 13:13:51'),
	(19,5,'receptionist1','Receptionist 1','2tTG38LV3cc=',1,'2015-04-30 23:29:04','2015-05-06 10:13:37'),
	(20,4,'dr_holly','Doctor Holly P.','2tTG38LV3cc=',1,'2015-05-01 00:16:53','2015-05-08 13:57:27'),
	(21,6,'dr_cindy','Doctor Observation','2tTG38LV3cc=',1,'2015-05-01 21:30:27','2015-05-08 13:58:29'),
	(22,7,'beautician','Beautician 1','2tTG38LV3cc=',1,'2015-05-02 13:24:44','2015-05-06 10:09:09'),
	(23,4,'doctor3','dr. Cindy Leoni','3dDF7dDUrA==',1,'2015-05-08 15:42:42','2015-05-08 15:42:42'),
	(24,4,'dr_agustine','dr. Agustine A.','2tTG38LV3cc=',1,'2015-05-08 15:43:29','2015-05-13 13:12:24');

/*!40000 ALTER TABLE `admins` ENABLE KEYS */;
UNLOCK TABLES;


# Dump of table appointment_images
# ------------------------------------------------------------

DROP TABLE IF EXISTS `appointment_images`;

CREATE TABLE `appointment_images` (
  `id` int(11) unsigned NOT NULL AUTO_INCREMENT,
  `appointment_id` int(11) DEFAULT NULL,
  `pos` int(11) DEFAULT '0',
  PRIMARY KEY (`id`)
) ENGINE=InnoDB DEFAULT CHARSET=utf8;



# Dump of table appointment_items
# ------------------------------------------------------------

DROP TABLE IF EXISTS `appointment_items`;

CREATE TABLE `appointment_items` (
  `id` int(11) unsigned NOT NULL AUTO_INCREMENT,
  `appointment_id` int(11) DEFAULT NULL,
  `item_id` int(11) DEFAULT NULL,
  `price` double DEFAULT '0',
  `quantity` int(3) DEFAULT '0',
  `total_price` double DEFAULT '0',
  `lab_test` text,
  `done` int(1) DEFAULT '0',
  `status` int(1) DEFAULT NULL,
  `created` datetime DEFAULT NULL,
  `modified` datetime DEFAULT NULL,
  PRIMARY KEY (`id`)
) ENGINE=InnoDB DEFAULT CHARSET=utf8;

LOCK TABLES `appointment_items` WRITE;
/*!40000 ALTER TABLE `appointment_items` DISABLE KEYS */;

INSERT INTO `appointment_items` (`id`, `appointment_id`, `item_id`, `price`, `quantity`, `total_price`, `lab_test`, `done`, `status`, `created`, `modified`)
VALUES
	(1,2,1,12000000,0,0,NULL,0,0,'2015-05-15 12:54:04','2015-05-16 12:44:34'),
	(2,2,2,2000000,1,0,NULL,1,1,'2015-05-15 12:54:04','2015-05-16 12:44:34'),
	(3,2,3,7000000,0,0,NULL,0,0,'2015-05-15 12:54:04','2015-05-16 12:44:34'),
	(4,2,4,2000000,0,0,NULL,0,0,'2015-05-15 12:54:04','2015-05-16 12:44:34'),
	(5,2,5,2500000,1,0,NULL,1,1,'2015-05-15 12:54:04','2015-05-16 12:44:34'),
	(6,2,6,12500000,0,0,NULL,0,0,'2015-05-15 12:54:04','2015-05-16 12:44:34'),
	(7,2,7,3000000,0,0,NULL,0,0,'2015-05-15 12:54:04','2015-05-16 12:44:34'),
	(8,2,8,15000000,0,0,NULL,0,0,'2015-05-15 12:54:04','2015-05-16 12:44:34'),
	(9,2,9,3500000,0,0,NULL,0,0,'2015-05-15 12:54:04','2015-05-16 12:44:34'),
	(10,2,10,250000,0,0,NULL,0,0,'2015-05-15 12:54:04','2015-05-16 12:44:34'),
	(11,2,11,2500000,0,0,NULL,0,0,'2015-05-15 12:54:04','2015-05-16 12:44:34'),
	(12,2,12,3500000,0,0,NULL,0,0,'2015-05-15 12:54:04','2015-05-16 12:44:34'),
	(13,2,13,3500000,0,0,NULL,0,0,'2015-05-15 12:54:04','2015-05-16 12:44:34'),
	(14,2,14,17500000,0,0,NULL,0,0,'2015-05-15 12:54:04','2015-05-16 12:44:34'),
	(15,2,15,2500000,0,0,NULL,0,0,'2015-05-15 12:54:04','2015-05-16 12:44:34'),
	(16,2,16,10000000,0,0,NULL,0,0,'2015-05-15 12:54:04','2015-05-16 12:44:34'),
	(17,2,17,3000000,0,0,NULL,0,0,'2015-05-15 12:54:04','2015-05-16 12:44:34'),
	(18,2,18,12500000,0,0,NULL,0,0,'2015-05-15 12:54:04','2015-05-16 12:44:34'),
	(19,2,19,700000,0,0,NULL,0,0,'2015-05-15 12:54:04','2015-05-16 12:44:34'),
	(20,2,20,850000,0,0,NULL,0,0,'2015-05-15 12:54:04','2015-05-16 12:44:34'),
	(21,2,21,1650000,0,0,NULL,0,0,'2015-05-15 12:54:04','2015-05-16 12:44:34'),
	(22,2,22,1650000,0,0,NULL,0,0,'2015-05-15 12:54:04','2015-05-16 12:44:34'),
	(23,2,23,1500000,0,0,NULL,0,0,'2015-05-15 12:54:04','2015-05-16 12:44:34'),
	(24,2,24,7500000,0,0,NULL,0,0,'2015-05-15 12:54:04','2015-05-16 12:44:34'),
	(25,2,25,2000000,0,0,NULL,0,0,'2015-05-15 12:54:04','2015-05-16 12:44:34'),
	(26,2,26,10000000,0,0,NULL,0,0,'2015-05-15 12:54:04','2015-05-16 12:44:34'),
	(27,2,27,2000000,1,0,NULL,1,1,'2015-05-15 12:54:04','2015-05-16 12:44:34'),
	(28,2,28,1000000,0,0,NULL,0,0,'2015-05-15 12:54:04','2015-05-16 12:44:34'),
	(29,2,29,2500000,0,0,NULL,0,0,'2015-05-15 12:54:04','2015-05-16 12:44:34'),
	(30,2,30,25000000,0,0,NULL,0,0,'2015-05-15 12:54:04','2015-05-16 12:44:34'),
	(31,2,31,2000000,0,0,NULL,0,0,'2015-05-15 12:54:04','2015-05-16 12:44:34'),
	(32,2,32,10000000,0,0,NULL,0,0,'2015-05-15 12:54:04','2015-05-16 12:44:34'),
	(33,2,33,350000,0,0,NULL,0,0,'2015-05-15 12:54:04','2015-05-16 12:44:34'),
	(34,2,34,5000000,0,0,NULL,0,0,'2015-05-15 12:54:04','2015-05-16 12:44:34'),
	(35,2,35,11500000,0,0,NULL,0,0,'2015-05-15 12:54:04','2015-05-16 12:44:34'),
	(36,2,36,0,0,0,NULL,0,0,'2015-05-15 12:54:04','2015-05-16 12:44:34'),
	(37,2,37,0,0,0,NULL,0,0,'2015-05-15 12:54:04','2015-05-16 12:44:34'),
	(38,2,38,9000000,1,0,NULL,1,1,'2015-05-15 12:54:04','2015-05-16 12:44:34'),
	(39,2,39,150000,0,0,NULL,0,0,'2015-05-15 12:54:04','2015-05-16 12:44:34'),
	(40,2,40,600000,0,0,NULL,0,0,'2015-05-15 12:54:04','2015-05-16 12:44:34'),
	(41,2,41,500000,0,0,NULL,0,0,'2015-05-15 12:54:04','2015-05-16 12:44:34'),
	(42,2,42,850000,0,0,NULL,0,0,'2015-05-15 12:54:04','2015-05-16 12:44:34'),
	(43,2,43,85000,1,0,NULL,1,1,'2015-05-15 12:54:04','2015-05-16 12:44:34'),
	(44,5,1,12000000,1,0,NULL,1,1,'2015-05-15 14:26:57','2015-05-15 14:28:34'),
	(45,5,2,2000000,1,0,NULL,1,1,'2015-05-15 14:26:57','2015-05-15 14:28:34'),
	(46,5,3,7000000,0,0,NULL,0,0,'2015-05-15 14:26:57','2015-05-15 14:28:34'),
	(47,5,4,2000000,0,0,NULL,0,0,'2015-05-15 14:26:57','2015-05-15 14:28:34'),
	(48,5,48,600000,0,0,NULL,0,0,'2015-05-15 14:26:57','2015-05-15 14:28:34'),
	(49,5,5,2500000,0,0,NULL,0,0,'2015-05-15 14:26:57','2015-05-15 14:28:34'),
	(50,5,6,12500000,0,0,NULL,0,0,'2015-05-15 14:26:57','2015-05-15 14:28:34'),
	(51,5,7,3000000,0,0,NULL,0,0,'2015-05-15 14:26:57','2015-05-15 14:28:34'),
	(52,5,8,15000000,0,0,NULL,0,0,'2015-05-15 14:26:57','2015-05-15 14:28:34'),
	(53,5,9,3500000,0,0,NULL,0,0,'2015-05-15 14:26:57','2015-05-15 14:28:34'),
	(54,5,10,250000,0,0,NULL,0,0,'2015-05-15 14:26:57','2015-05-15 14:28:34'),
	(55,5,11,2500000,0,0,NULL,0,0,'2015-05-15 14:26:57','2015-05-15 14:28:34'),
	(56,5,12,3500000,0,0,NULL,0,0,'2015-05-15 14:26:57','2015-05-15 14:28:34'),
	(57,5,13,3500000,0,0,NULL,0,0,'2015-05-15 14:26:57','2015-05-15 14:28:34'),
	(58,5,14,17500000,0,0,NULL,0,0,'2015-05-15 14:26:57','2015-05-15 14:28:34'),
	(59,5,15,2500000,0,0,NULL,0,0,'2015-05-15 14:26:57','2015-05-15 14:28:34'),
	(60,5,16,10000000,0,0,NULL,0,0,'2015-05-15 14:26:57','2015-05-15 14:28:34'),
	(61,5,17,3000000,0,0,NULL,0,0,'2015-05-15 14:26:57','2015-05-15 14:28:34'),
	(62,5,18,12500000,0,0,NULL,0,0,'2015-05-15 14:26:57','2015-05-15 14:28:34'),
	(63,5,19,700000,0,0,NULL,0,0,'2015-05-15 14:26:57','2015-05-15 14:28:34'),
	(64,5,20,850000,0,0,NULL,0,0,'2015-05-15 14:26:57','2015-05-15 14:28:34'),
	(65,5,21,1650000,0,0,NULL,0,0,'2015-05-15 14:26:57','2015-05-15 14:28:34'),
	(66,5,22,1650000,0,0,NULL,0,0,'2015-05-15 14:26:57','2015-05-15 14:28:34'),
	(67,5,23,1500000,0,0,NULL,0,0,'2015-05-15 14:26:57','2015-05-15 14:28:34'),
	(68,5,24,7500000,0,0,NULL,0,0,'2015-05-15 14:26:57','2015-05-15 14:28:34'),
	(69,5,25,2000000,0,0,NULL,0,0,'2015-05-15 14:26:57','2015-05-15 14:28:34'),
	(70,5,26,10000000,0,0,NULL,0,0,'2015-05-15 14:26:57','2015-05-15 14:28:34'),
	(71,5,27,2000000,0,0,NULL,0,0,'2015-05-15 14:26:57','2015-05-15 14:28:34'),
	(72,5,28,1000000,0,0,NULL,0,0,'2015-05-15 14:26:57','2015-05-15 14:28:34'),
	(73,5,29,2500000,0,0,NULL,0,0,'2015-05-15 14:26:57','2015-05-15 14:28:34'),
	(74,5,30,25000000,0,0,NULL,0,0,'2015-05-15 14:26:57','2015-05-15 14:28:34'),
	(75,5,31,2000000,0,0,NULL,0,0,'2015-05-15 14:26:57','2015-05-15 14:28:34'),
	(76,5,32,10000000,0,0,NULL,0,0,'2015-05-15 14:26:57','2015-05-15 14:28:34'),
	(77,5,33,350000,0,0,NULL,0,0,'2015-05-15 14:26:57','2015-05-15 14:28:34'),
	(78,5,34,5000000,0,0,NULL,0,0,'2015-05-15 14:26:57','2015-05-15 14:28:34'),
	(79,5,44,10000000,0,0,NULL,0,0,'2015-05-15 14:26:57','2015-05-15 14:28:34'),
	(80,5,35,11500000,0,0,NULL,0,0,'2015-05-15 14:26:57','2015-05-15 14:28:34'),
	(81,5,36,0,0,0,NULL,0,0,'2015-05-15 14:26:57','2015-05-15 14:28:34'),
	(82,5,37,0,0,0,NULL,0,0,'2015-05-15 14:26:57','2015-05-15 14:28:34'),
	(83,5,38,9000000,0,0,NULL,0,0,'2015-05-15 14:26:57','2015-05-15 14:28:34'),
	(84,5,39,150000,0,0,NULL,0,0,'2015-05-15 14:26:57','2015-05-15 14:28:34'),
	(85,5,40,600000,0,0,NULL,0,0,'2015-05-15 14:26:57','2015-05-15 14:28:34'),
	(86,5,41,500000,0,0,NULL,0,0,'2015-05-15 14:26:57','2015-05-15 14:28:34'),
	(87,5,42,850000,0,0,NULL,0,0,'2015-05-15 14:26:57','2015-05-15 14:28:34'),
	(88,5,43,85000,0,0,NULL,0,0,'2015-05-15 14:26:57','2015-05-15 14:28:34'),
	(89,5,45,0,0,0,NULL,0,0,'2015-05-15 14:26:57','2015-05-15 14:28:34'),
	(90,5,46,0,0,0,NULL,0,0,'2015-05-15 14:26:57','2015-05-15 14:28:34'),
	(91,5,47,0,0,0,NULL,0,0,'2015-05-15 14:26:57','2015-05-15 14:28:34'),
	(92,5,57,600000,0,0,NULL,0,0,'2015-05-15 14:26:57','2015-05-15 14:28:34'),
	(93,5,49,2000000,0,0,NULL,0,0,'2015-05-15 14:26:57','2015-05-15 14:28:34'),
	(94,5,50,2000000,0,0,NULL,0,0,'2015-05-15 14:26:57','2015-05-15 14:28:34'),
	(95,5,51,350000,0,0,NULL,0,0,'2015-05-15 14:26:57','2015-05-15 14:28:34'),
	(96,5,52,800000,0,0,NULL,0,0,'2015-05-15 14:26:57','2015-05-15 14:28:34'),
	(97,5,53,1000000,0,0,NULL,0,0,'2015-05-15 14:26:57','2015-05-15 14:28:34'),
	(98,5,54,2000000,0,0,NULL,0,0,'2015-05-15 14:26:57','2015-05-15 14:28:34'),
	(99,5,55,175000,0,0,NULL,0,0,'2015-05-15 14:26:57','2015-05-15 14:28:34'),
	(100,5,56,50000,0,0,NULL,0,0,'2015-05-15 14:26:57','2015-05-15 14:28:34'),
	(101,5,58,100000,0,0,NULL,0,1,'2015-05-15 14:26:57','2015-05-15 14:28:34'),
	(102,5,59,100000,0,0,NULL,0,1,'2015-05-15 14:26:57','2015-05-15 14:28:34'),
	(103,5,60,100000,0,0,NULL,0,0,'2015-05-15 14:26:57','2015-05-15 14:28:34'),
	(104,5,61,100000,0,0,NULL,0,0,'2015-05-15 14:26:57','2015-05-15 14:28:34'),
	(105,5,62,100000,0,0,NULL,0,0,'2015-05-15 14:26:57','2015-05-15 14:28:34'),
	(106,5,63,100000,0,0,NULL,0,0,'2015-05-15 14:26:57','2015-05-15 14:28:34'),
	(107,5,64,300000,0,0,NULL,0,0,'2015-05-15 14:26:57','2015-05-15 14:28:34'),
	(108,5,65,65000,0,0,NULL,0,0,'2015-05-15 14:26:57','2015-05-15 14:28:34'),
	(109,5,66,0,0,0,NULL,0,0,'2015-05-15 14:28:34','2015-05-15 14:28:34'),
	(110,5,67,0,0,0,NULL,0,0,'2015-05-15 14:28:34','2015-05-15 14:28:34'),
	(111,2,69,0,0,0,NULL,0,0,'2015-05-16 12:44:34','2015-05-16 12:44:34'),
	(112,2,48,0,0,0,NULL,0,0,'2015-05-16 12:44:34','2015-05-16 12:44:34'),
	(113,2,44,0,0,0,NULL,0,0,'2015-05-16 12:44:34','2015-05-16 12:44:34'),
	(114,2,45,0,0,0,NULL,0,0,'2015-05-16 12:44:34','2015-05-16 12:44:34'),
	(115,2,46,0,0,0,NULL,0,0,'2015-05-16 12:44:34','2015-05-16 12:44:34'),
	(116,2,47,0,0,0,NULL,0,0,'2015-05-16 12:44:34','2015-05-16 12:44:34'),
	(117,2,57,0,0,0,NULL,0,0,'2015-05-16 12:44:34','2015-05-16 12:44:34'),
	(118,2,49,0,0,0,NULL,0,0,'2015-05-16 12:44:34','2015-05-16 12:44:34'),
	(119,2,50,0,0,0,NULL,0,0,'2015-05-16 12:44:34','2015-05-16 12:44:34'),
	(120,2,51,0,0,0,NULL,0,0,'2015-05-16 12:44:34','2015-05-16 12:44:34'),
	(121,2,52,0,0,0,NULL,0,0,'2015-05-16 12:44:34','2015-05-16 12:44:34'),
	(122,2,53,0,0,0,NULL,0,0,'2015-05-16 12:44:34','2015-05-16 12:44:34'),
	(123,2,54,0,0,0,NULL,0,0,'2015-05-16 12:44:34','2015-05-16 12:44:34'),
	(124,2,55,0,0,0,NULL,0,0,'2015-05-16 12:44:34','2015-05-16 12:44:34'),
	(125,2,56,0,0,0,NULL,0,0,'2015-05-16 12:44:34','2015-05-16 12:44:34'),
	(126,2,58,0,0,0,NULL,0,0,'2015-05-16 12:44:34','2015-05-16 12:44:34'),
	(127,2,59,0,0,0,NULL,0,0,'2015-05-16 12:44:34','2015-05-16 12:44:34'),
	(128,2,60,0,0,0,NULL,0,0,'2015-05-16 12:44:34','2015-05-16 12:44:34'),
	(129,2,61,0,0,0,NULL,0,0,'2015-05-16 12:44:34','2015-05-16 12:44:34'),
	(130,2,62,0,0,0,NULL,0,0,'2015-05-16 12:44:34','2015-05-16 12:44:34'),
	(131,2,63,0,0,0,NULL,0,0,'2015-05-16 12:44:34','2015-05-16 12:44:34'),
	(132,2,64,0,0,0,NULL,0,0,'2015-05-16 12:44:34','2015-05-16 12:44:34'),
	(133,2,65,0,0,0,NULL,0,0,'2015-05-16 12:44:34','2015-05-16 12:44:34'),
	(134,2,66,0,0,0,NULL,0,0,'2015-05-16 12:44:34','2015-05-16 12:44:34'),
	(135,2,67,0,0,0,NULL,0,0,'2015-05-16 12:44:34','2015-05-16 12:44:34'),
	(136,2,68,0,0,0,NULL,0,0,'2015-05-16 12:44:34','2015-05-16 12:44:34'),
	(137,2,70,0,0,0,NULL,0,0,'2015-05-16 12:44:34','2015-05-16 12:44:34'),
	(138,2,71,0,0,0,NULL,0,0,'2015-05-16 12:44:34','2015-05-16 12:44:34'),
	(139,2,72,0,0,0,NULL,0,0,'2015-05-16 12:44:34','2015-05-16 12:44:34'),
	(140,2,73,0,0,0,NULL,0,0,'2015-05-16 12:44:34','2015-05-16 12:44:34'),
	(141,2,74,0,0,0,NULL,0,0,'2015-05-16 12:44:34','2015-05-16 12:44:34'),
	(142,2,75,0,0,0,NULL,0,0,'2015-05-16 12:44:34','2015-05-16 12:44:34'),
	(143,2,76,0,0,0,NULL,0,0,'2015-05-16 12:44:34','2015-05-16 12:44:34'),
	(144,2,77,0,0,0,NULL,0,0,'2015-05-16 12:44:34','2015-05-16 12:44:34'),
	(145,2,78,0,0,0,NULL,0,0,'2015-05-16 12:44:34','2015-05-16 12:44:34'),
	(146,2,79,0,0,0,NULL,0,0,'2015-05-16 12:44:34','2015-05-16 12:44:34'),
	(147,2,80,0,0,0,NULL,0,0,'2015-05-16 12:44:34','2015-05-16 12:44:34'),
	(148,2,81,0,0,0,NULL,0,0,'2015-05-16 12:44:34','2015-05-16 12:44:34'),
	(149,2,82,0,0,0,NULL,0,0,'2015-05-16 12:44:34','2015-05-16 12:44:34'),
	(150,2,83,0,0,0,NULL,0,0,'2015-05-16 12:44:34','2015-05-16 12:44:34'),
	(151,2,84,0,0,0,NULL,0,0,'2015-05-16 12:44:34','2015-05-16 12:44:34'),
	(152,2,85,0,0,0,NULL,0,0,'2015-05-16 12:44:34','2015-05-16 12:44:34'),
	(153,2,86,0,0,0,NULL,0,0,'2015-05-16 12:44:34','2015-05-16 12:44:34'),
	(154,2,87,0,0,0,NULL,0,0,'2015-05-16 12:44:34','2015-05-16 12:44:34'),
	(155,2,88,0,0,0,NULL,0,0,'2015-05-16 12:44:34','2015-05-16 12:44:34'),
	(156,2,89,0,0,0,NULL,0,0,'2015-05-16 12:44:34','2015-05-16 12:44:34'),
	(157,2,90,0,0,0,NULL,0,0,'2015-05-16 12:44:34','2015-05-16 12:44:34'),
	(158,2,91,0,0,0,NULL,0,0,'2015-05-16 12:44:34','2015-05-16 12:44:34'),
	(159,2,92,0,0,0,NULL,0,0,'2015-05-16 12:44:34','2015-05-16 12:44:34'),
	(160,2,93,0,0,0,NULL,0,0,'2015-05-16 12:44:34','2015-05-16 12:44:34'),
	(161,2,94,0,0,0,NULL,0,0,'2015-05-16 12:44:34','2015-05-16 12:44:34'),
	(162,2,95,0,0,0,NULL,0,0,'2015-05-16 12:44:34','2015-05-16 12:44:34'),
	(163,2,96,0,0,0,NULL,0,0,'2015-05-16 12:44:34','2015-05-16 12:44:34'),
	(164,2,97,0,0,0,NULL,0,0,'2015-05-16 12:44:34','2015-05-16 12:44:34'),
	(165,2,98,0,0,0,NULL,0,0,'2015-05-16 12:44:34','2015-05-16 12:44:34'),
	(166,1,1,15000000,0,0,NULL,0,0,'2015-05-16 15:28:03','2015-05-18 11:46:24'),
	(167,1,2,3000000,0,0,NULL,0,0,'2015-05-16 15:28:03','2015-05-18 11:46:24'),
	(168,1,3,11000000,0,0,NULL,0,0,'2015-05-16 15:28:03','2015-05-18 11:46:24'),
	(169,1,69,200000,0,0,NULL,0,0,'2015-05-16 15:28:03','2015-05-18 11:46:24'),
	(170,1,4,3000000,0,0,NULL,0,0,'2015-05-16 15:28:03','2015-05-18 11:46:24'),
	(171,1,48,600000,0,0,NULL,0,0,'2015-05-16 15:28:03','2015-05-18 11:46:24'),
	(172,1,5,3500000,1,0,NULL,1,1,'2015-05-16 15:28:03','2015-05-18 11:46:24'),
	(173,1,6,0,0,0,NULL,0,0,'2015-05-16 15:28:03','2015-05-18 11:46:24'),
	(174,1,7,4000000,0,0,NULL,0,0,'2015-05-16 15:28:03','2015-05-18 11:46:24'),
	(175,1,8,0,0,0,NULL,0,0,'2015-05-16 15:28:03','2015-05-18 11:46:24'),
	(176,1,9,4500000,0,0,NULL,0,0,'2015-05-16 15:28:03','2015-05-18 11:46:24'),
	(177,1,10,250000,0,0,NULL,0,0,'2015-05-16 15:28:03','2015-05-18 11:46:24'),
	(178,1,11,2500000,0,0,NULL,0,0,'2015-05-16 15:28:03','2015-05-18 11:46:24'),
	(179,1,12,3500000,0,0,NULL,0,0,'2015-05-16 15:28:03','2015-05-18 11:46:24'),
	(180,1,13,3500000,1,0,NULL,1,1,'2015-05-16 15:28:03','2015-05-18 11:46:24'),
	(181,1,14,0,0,0,NULL,0,0,'2015-05-16 15:28:03','2015-05-18 11:46:24'),
	(182,1,15,3000000,0,0,NULL,0,0,'2015-05-16 15:28:03','2015-05-18 11:46:24'),
	(183,1,16,0,0,0,NULL,0,0,'2015-05-16 15:28:03','2015-05-18 11:46:24'),
	(184,1,17,3500000,0,0,NULL,0,0,'2015-05-16 15:28:03','2015-05-18 11:46:24'),
	(185,1,18,0,0,0,NULL,0,0,'2015-05-16 15:28:03','2015-05-18 11:46:24'),
	(186,1,19,700000,0,0,NULL,0,0,'2015-05-16 15:28:03','2015-05-18 11:46:24'),
	(187,1,20,1000000,0,0,NULL,0,0,'2015-05-16 15:28:03','2015-05-18 11:46:24'),
	(188,1,21,2000000,0,0,NULL,0,0,'2015-05-16 15:28:03','2015-05-18 11:46:24'),
	(189,1,22,2000000,0,0,NULL,0,0,'2015-05-16 15:28:03','2015-05-18 11:46:24'),
	(190,1,23,1500000,0,0,NULL,0,0,'2015-05-16 15:28:03','2015-05-18 11:46:24'),
	(191,1,24,7500000,0,0,NULL,0,0,'2015-05-16 15:28:03','2015-05-18 11:46:24'),
	(192,1,25,2000000,0,0,NULL,0,0,'2015-05-16 15:28:03','2015-05-18 11:46:24'),
	(193,1,26,10000000,0,0,NULL,0,0,'2015-05-16 15:28:03','2015-05-18 11:46:24'),
	(194,1,27,2000000,1,0,NULL,1,1,'2015-05-16 15:28:03','2015-05-18 11:46:24'),
	(195,1,28,1000000,0,0,NULL,0,0,'2015-05-16 15:28:03','2015-05-18 11:46:24'),
	(196,1,29,2500000,0,0,NULL,0,0,'2015-05-16 15:28:03','2015-05-18 11:46:24'),
	(197,1,30,25000000,0,0,NULL,0,0,'2015-05-16 15:28:03','2015-05-18 11:46:24'),
	(198,1,31,2000000,0,0,NULL,0,0,'2015-05-16 15:28:03','2015-05-18 11:46:24'),
	(199,1,32,10000000,0,0,NULL,0,0,'2015-05-16 15:28:03','2015-05-18 11:46:24'),
	(200,1,33,700000,0,0,NULL,0,0,'2015-05-16 15:28:03','2015-05-18 11:46:24'),
	(201,1,34,8000000,0,0,NULL,0,0,'2015-05-16 15:28:03','2015-05-18 11:46:24'),
	(202,1,44,17000000,0,0,NULL,0,0,'2015-05-16 15:28:03','2015-05-18 11:46:24'),
	(203,1,35,20000000,0,0,NULL,0,0,'2015-05-16 15:28:03','2015-05-18 11:46:24'),
	(204,1,36,0,0,0,NULL,0,0,'2015-05-16 15:28:03','2015-05-18 11:46:24'),
	(205,1,37,0,0,0,NULL,0,0,'2015-05-16 15:28:03','2015-05-18 11:46:24'),
	(206,1,38,10000000,0,0,NULL,0,0,'2015-05-16 15:28:03','2015-05-18 11:46:24'),
	(207,1,39,300000,0,0,NULL,0,0,'2015-05-16 15:28:03','2015-05-18 11:46:24'),
	(208,1,40,600000,0,0,NULL,0,0,'2015-05-16 15:28:03','2015-05-18 11:46:24'),
	(209,1,41,500000,0,0,NULL,0,0,'2015-05-16 15:28:03','2015-05-18 11:46:24'),
	(210,1,42,850000,0,0,NULL,0,0,'2015-05-16 15:28:03','2015-05-18 11:46:24'),
	(211,1,43,100000,0,0,NULL,0,0,'2015-05-16 15:28:03','2015-05-18 11:46:24'),
	(212,1,45,10000000,1,0,NULL,1,1,'2015-05-16 15:28:03','2015-05-18 11:46:24'),
	(213,1,46,20000000,1,0,NULL,1,1,'2015-05-16 15:28:03','2015-05-18 11:46:24'),
	(214,1,47,15000000,0,0,NULL,0,0,'2015-05-16 15:28:03','2015-05-18 11:46:24'),
	(215,1,57,0,0,0,NULL,0,0,'2015-05-16 15:28:03','2015-05-18 11:46:24'),
	(216,1,49,2000000,0,0,NULL,0,0,'2015-05-16 15:28:03','2015-05-18 11:46:24'),
	(217,1,50,2000000,0,0,NULL,0,0,'2015-05-16 15:28:03','2015-05-18 11:46:24'),
	(218,1,51,350000,0,0,NULL,0,0,'2015-05-16 15:28:03','2015-05-18 11:46:24'),
	(219,1,52,800000,0,0,NULL,0,0,'2015-05-16 15:28:03','2015-05-18 11:46:24'),
	(220,1,53,1000000,0,0,NULL,0,0,'2015-05-16 15:28:03','2015-05-18 11:46:24'),
	(221,1,54,2000000,0,0,NULL,0,0,'2015-05-16 15:28:03','2015-05-18 11:46:24'),
	(222,1,55,275000,0,0,NULL,0,0,'2015-05-16 15:28:03','2015-05-18 11:46:24'),
	(223,1,56,100000,0,0,NULL,0,0,'2015-05-16 15:28:03','2015-05-18 11:46:24'),
	(224,1,58,100000,0,0,NULL,0,0,'2015-05-16 15:28:03','2015-05-18 11:46:24'),
	(225,1,59,100000,0,0,NULL,0,0,'2015-05-16 15:28:03','2015-05-18 11:46:24'),
	(226,1,60,100000,0,0,NULL,0,0,'2015-05-16 15:28:03','2015-05-18 11:46:24'),
	(227,1,61,100000,0,0,NULL,0,0,'2015-05-16 15:28:03','2015-05-18 11:46:24'),
	(228,1,62,100000,0,0,NULL,0,0,'2015-05-16 15:28:03','2015-05-18 11:46:24'),
	(229,1,63,100000,0,0,NULL,0,0,'2015-05-16 15:28:03','2015-05-18 11:46:24'),
	(230,1,64,300000,0,0,NULL,0,0,'2015-05-16 15:28:03','2015-05-18 11:46:24'),
	(231,1,65,65000,0,0,NULL,0,0,'2015-05-16 15:28:03','2015-05-18 11:46:24'),
	(232,1,66,0,0,0,NULL,0,0,'2015-05-16 15:28:03','2015-05-18 11:46:24'),
	(233,1,67,195000,0,0,NULL,0,0,'2015-05-16 15:28:03','2015-05-18 11:46:24'),
	(234,1,68,200000,0,0,NULL,0,0,'2015-05-16 15:28:03','2015-05-18 11:46:24'),
	(235,1,70,425000,0,0,NULL,0,0,'2015-05-16 15:28:03','2015-05-18 11:46:24'),
	(236,1,71,450000,0,0,NULL,0,0,'2015-05-16 15:28:03','2015-05-18 11:46:24'),
	(237,1,72,360000,0,0,NULL,0,0,'2015-05-16 15:28:03','2015-05-18 11:46:24'),
	(238,1,73,425000,0,0,NULL,0,0,'2015-05-16 15:28:03','2015-05-18 11:46:24'),
	(239,1,74,250000,0,0,NULL,0,0,'2015-05-16 15:28:03','2015-05-18 11:46:24'),
	(240,1,75,225000,0,0,NULL,0,0,'2015-05-16 15:28:03','2015-05-18 11:46:24'),
	(241,1,76,225000,0,0,NULL,0,0,'2015-05-16 15:28:03','2015-05-18 11:46:24'),
	(242,1,77,225000,0,0,NULL,0,0,'2015-05-16 15:28:03','2015-05-18 11:46:24'),
	(243,1,78,225000,0,0,NULL,0,0,'2015-05-16 15:28:03','2015-05-18 11:46:24'),
	(244,1,79,200000,0,0,NULL,0,0,'2015-05-16 15:28:03','2015-05-18 11:46:24'),
	(245,1,80,200000,0,0,NULL,0,0,'2015-05-16 15:28:03','2015-05-18 11:46:24'),
	(246,1,81,200000,0,0,NULL,0,0,'2015-05-16 15:28:03','2015-05-18 11:46:24'),
	(247,1,82,200000,0,0,NULL,0,0,'2015-05-16 15:28:03','2015-05-18 11:46:24'),
	(248,1,83,200000,0,0,NULL,0,0,'2015-05-16 15:28:03','2015-05-18 11:46:24'),
	(249,1,84,200000,0,0,NULL,0,0,'2015-05-16 15:28:03','2015-05-18 11:46:24'),
	(250,1,85,200000,0,0,NULL,0,0,'2015-05-16 15:28:03','2015-05-18 11:46:24'),
	(251,1,86,800000,0,0,NULL,0,0,'2015-05-16 15:28:03','2015-05-18 11:46:24'),
	(252,1,87,1000000,0,0,NULL,0,0,'2015-05-16 15:28:03','2015-05-18 11:46:24'),
	(253,1,88,700000,0,0,NULL,0,0,'2015-05-16 15:28:03','2015-05-18 11:46:24'),
	(254,1,89,0,0,0,NULL,0,0,'2015-05-16 15:28:03','2015-05-18 11:46:24'),
	(255,1,90,0,0,0,NULL,0,0,'2015-05-16 15:28:03','2015-05-18 11:46:24'),
	(256,1,91,125000,0,0,NULL,0,0,'2015-05-16 15:28:03','2015-05-18 11:46:24'),
	(257,1,92,85000,0,0,NULL,0,0,'2015-05-16 15:28:03','2015-05-18 11:46:24'),
	(258,1,93,55000,0,0,NULL,0,0,'2015-05-16 15:28:03','2015-05-18 11:46:24'),
	(259,1,94,55000,0,0,NULL,0,0,'2015-05-16 15:28:03','2015-05-18 11:46:24'),
	(260,1,95,55000,0,0,NULL,0,0,'2015-05-16 15:28:03','2015-05-18 11:46:24'),
	(261,1,96,175000,0,0,NULL,0,0,'2015-05-16 15:28:03','2015-05-18 11:46:24'),
	(262,1,97,175000,0,0,NULL,0,0,'2015-05-16 15:28:03','2015-05-18 11:46:24'),
	(263,1,98,200000,0,0,NULL,0,0,'2015-05-16 15:28:03','2015-05-18 11:46:24'),
	(264,6,1,0,0,0,NULL,0,0,'2015-05-18 11:44:40','2015-05-18 11:44:40'),
	(265,6,2,0,0,0,NULL,0,0,'2015-05-18 11:44:40','2015-05-18 11:44:40'),
	(266,6,3,0,0,0,NULL,0,0,'2015-05-18 11:44:40','2015-05-18 11:44:40'),
	(267,6,69,0,0,0,NULL,0,0,'2015-05-18 11:44:40','2015-05-18 11:44:40'),
	(268,6,4,0,0,0,NULL,0,0,'2015-05-18 11:44:40','2015-05-18 11:44:40'),
	(269,6,48,0,0,0,NULL,0,0,'2015-05-18 11:44:40','2015-05-18 11:44:40'),
	(270,6,5,0,0,0,NULL,0,1,'2015-05-18 11:44:40','2015-05-18 11:44:40'),
	(271,6,6,0,0,0,NULL,0,0,'2015-05-18 11:44:40','2015-05-18 11:44:40'),
	(272,6,7,0,0,0,NULL,0,0,'2015-05-18 11:44:40','2015-05-18 11:44:40'),
	(273,6,8,0,0,0,NULL,0,0,'2015-05-18 11:44:40','2015-05-18 11:44:40'),
	(274,6,9,0,0,0,NULL,0,0,'2015-05-18 11:44:40','2015-05-18 11:44:40'),
	(275,6,10,0,0,0,NULL,0,0,'2015-05-18 11:44:40','2015-05-18 11:44:40'),
	(276,6,11,0,0,0,NULL,0,0,'2015-05-18 11:44:40','2015-05-18 11:44:40'),
	(277,6,12,0,0,0,NULL,0,0,'2015-05-18 11:44:40','2015-05-18 11:44:40'),
	(278,6,13,0,0,0,NULL,0,0,'2015-05-18 11:44:40','2015-05-18 11:44:40'),
	(279,6,14,0,0,0,NULL,0,0,'2015-05-18 11:44:40','2015-05-18 11:44:40'),
	(280,6,15,0,0,0,NULL,0,0,'2015-05-18 11:44:40','2015-05-18 11:44:40'),
	(281,6,16,0,0,0,NULL,0,0,'2015-05-18 11:44:40','2015-05-18 11:44:40'),
	(282,6,17,0,0,0,NULL,0,0,'2015-05-18 11:44:40','2015-05-18 11:44:40'),
	(283,6,18,0,0,0,NULL,0,0,'2015-05-18 11:44:40','2015-05-18 11:44:40'),
	(284,6,19,0,0,0,NULL,0,0,'2015-05-18 11:44:40','2015-05-18 11:44:40'),
	(285,6,20,0,0,0,NULL,0,0,'2015-05-18 11:44:40','2015-05-18 11:44:40'),
	(286,6,21,0,0,0,NULL,0,0,'2015-05-18 11:44:40','2015-05-18 11:44:40'),
	(287,6,22,0,0,0,NULL,0,0,'2015-05-18 11:44:40','2015-05-18 11:44:40'),
	(288,6,23,0,0,0,NULL,0,0,'2015-05-18 11:44:40','2015-05-18 11:44:40'),
	(289,6,24,0,0,0,NULL,0,0,'2015-05-18 11:44:40','2015-05-18 11:44:40'),
	(290,6,25,0,0,0,NULL,0,0,'2015-05-18 11:44:40','2015-05-18 11:44:40'),
	(291,6,26,0,0,0,NULL,0,0,'2015-05-18 11:44:40','2015-05-18 11:44:40'),
	(292,6,27,0,0,0,NULL,0,0,'2015-05-18 11:44:40','2015-05-18 11:44:40'),
	(293,6,28,0,0,0,NULL,0,0,'2015-05-18 11:44:40','2015-05-18 11:44:40'),
	(294,6,29,0,0,0,NULL,0,0,'2015-05-18 11:44:40','2015-05-18 11:44:40'),
	(295,6,30,0,0,0,NULL,0,0,'2015-05-18 11:44:40','2015-05-18 11:44:40'),
	(296,6,31,0,0,0,NULL,0,0,'2015-05-18 11:44:40','2015-05-18 11:44:40'),
	(297,6,32,0,0,0,NULL,0,0,'2015-05-18 11:44:40','2015-05-18 11:44:40'),
	(298,6,33,0,0,0,NULL,0,0,'2015-05-18 11:44:40','2015-05-18 11:44:40'),
	(299,6,34,0,0,0,NULL,0,0,'2015-05-18 11:44:40','2015-05-18 11:44:40'),
	(300,6,44,0,0,0,NULL,0,0,'2015-05-18 11:44:40','2015-05-18 11:44:40'),
	(301,6,35,0,0,0,NULL,0,0,'2015-05-18 11:44:40','2015-05-18 11:44:40'),
	(302,6,36,0,0,0,NULL,0,0,'2015-05-18 11:44:40','2015-05-18 11:44:40'),
	(303,6,37,0,0,0,NULL,0,0,'2015-05-18 11:44:40','2015-05-18 11:44:40'),
	(304,6,38,0,0,0,NULL,0,0,'2015-05-18 11:44:40','2015-05-18 11:44:40'),
	(305,6,39,0,0,0,NULL,0,0,'2015-05-18 11:44:40','2015-05-18 11:44:40'),
	(306,6,40,0,0,0,NULL,0,0,'2015-05-18 11:44:40','2015-05-18 11:44:40'),
	(307,6,41,0,0,0,NULL,0,0,'2015-05-18 11:44:40','2015-05-18 11:44:40'),
	(308,6,42,0,0,0,NULL,0,0,'2015-05-18 11:44:40','2015-05-18 11:44:40'),
	(309,6,43,0,0,0,NULL,0,0,'2015-05-18 11:44:40','2015-05-18 11:44:40'),
	(310,6,45,0,0,0,NULL,0,0,'2015-05-18 11:44:40','2015-05-18 11:44:40'),
	(311,6,46,0,0,0,NULL,0,0,'2015-05-18 11:44:40','2015-05-18 11:44:40'),
	(312,6,47,0,0,0,NULL,0,0,'2015-05-18 11:44:40','2015-05-18 11:44:40'),
	(313,6,57,0,0,0,NULL,0,0,'2015-05-18 11:44:40','2015-05-18 11:44:40'),
	(314,6,49,0,0,0,NULL,0,0,'2015-05-18 11:44:40','2015-05-18 11:44:40'),
	(315,6,50,0,0,0,NULL,0,0,'2015-05-18 11:44:40','2015-05-18 11:44:40'),
	(316,6,51,0,0,0,NULL,0,0,'2015-05-18 11:44:40','2015-05-18 11:44:40'),
	(317,6,52,0,0,0,NULL,0,0,'2015-05-18 11:44:40','2015-05-18 11:44:40'),
	(318,6,53,0,0,0,NULL,0,0,'2015-05-18 11:44:40','2015-05-18 11:44:40'),
	(319,6,54,0,0,0,NULL,0,0,'2015-05-18 11:44:40','2015-05-18 11:44:40'),
	(320,6,55,0,0,0,NULL,0,0,'2015-05-18 11:44:40','2015-05-18 11:44:40'),
	(321,6,56,0,0,0,NULL,0,0,'2015-05-18 11:44:40','2015-05-18 11:44:40'),
	(322,6,58,0,0,0,NULL,0,1,'2015-05-18 11:44:40','2015-05-18 11:44:40'),
	(323,6,59,0,0,0,NULL,0,0,'2015-05-18 11:44:40','2015-05-18 11:44:40'),
	(324,6,60,0,0,0,NULL,0,0,'2015-05-18 11:44:40','2015-05-18 11:44:40'),
	(325,6,61,0,0,0,NULL,0,0,'2015-05-18 11:44:40','2015-05-18 11:44:40'),
	(326,6,62,0,0,0,NULL,0,0,'2015-05-18 11:44:40','2015-05-18 11:44:40'),
	(327,6,63,0,0,0,NULL,0,0,'2015-05-18 11:44:40','2015-05-18 11:44:40'),
	(328,6,64,0,0,0,NULL,0,0,'2015-05-18 11:44:40','2015-05-18 11:44:40'),
	(329,6,65,0,0,0,NULL,0,0,'2015-05-18 11:44:40','2015-05-18 11:44:40'),
	(330,6,66,0,0,0,NULL,0,1,'2015-05-18 11:44:40','2015-05-18 11:44:40'),
	(331,6,67,0,0,0,NULL,0,1,'2015-05-18 11:44:40','2015-05-18 11:44:40'),
	(332,6,68,0,0,0,NULL,0,0,'2015-05-18 11:44:40','2015-05-18 11:44:40'),
	(333,6,70,0,0,0,NULL,0,0,'2015-05-18 11:44:40','2015-05-18 11:44:40'),
	(334,6,71,0,0,0,NULL,0,0,'2015-05-18 11:44:40','2015-05-18 11:44:40'),
	(335,6,72,0,0,0,NULL,0,0,'2015-05-18 11:44:40','2015-05-18 11:44:40'),
	(336,6,73,0,0,0,NULL,0,0,'2015-05-18 11:44:40','2015-05-18 11:44:40'),
	(337,6,74,0,0,0,NULL,0,0,'2015-05-18 11:44:40','2015-05-18 11:44:40'),
	(338,6,75,0,0,0,NULL,0,0,'2015-05-18 11:44:40','2015-05-18 11:44:40'),
	(339,6,76,0,0,0,NULL,0,0,'2015-05-18 11:44:40','2015-05-18 11:44:40'),
	(340,6,77,0,0,0,NULL,0,0,'2015-05-18 11:44:40','2015-05-18 11:44:40'),
	(341,6,78,0,0,0,NULL,0,0,'2015-05-18 11:44:40','2015-05-18 11:44:40'),
	(342,6,79,0,0,0,NULL,0,1,'2015-05-18 11:44:40','2015-05-18 11:44:40'),
	(343,6,80,0,0,0,NULL,0,0,'2015-05-18 11:44:40','2015-05-18 11:44:40'),
	(344,6,81,0,0,0,NULL,0,0,'2015-05-18 11:44:40','2015-05-18 11:44:40'),
	(345,6,82,0,0,0,NULL,0,0,'2015-05-18 11:44:40','2015-05-18 11:44:40'),
	(346,6,83,0,0,0,NULL,0,0,'2015-05-18 11:44:40','2015-05-18 11:44:40'),
	(347,6,84,0,0,0,NULL,0,0,'2015-05-18 11:44:40','2015-05-18 11:44:40'),
	(348,6,85,0,0,0,NULL,0,0,'2015-05-18 11:44:40','2015-05-18 11:44:40'),
	(349,6,86,0,0,0,NULL,0,0,'2015-05-18 11:44:40','2015-05-18 11:44:40'),
	(350,6,87,0,0,0,NULL,0,0,'2015-05-18 11:44:40','2015-05-18 11:44:40'),
	(351,6,88,0,0,0,NULL,0,0,'2015-05-18 11:44:40','2015-05-18 11:44:40'),
	(352,6,89,0,0,0,NULL,0,0,'2015-05-18 11:44:40','2015-05-18 11:44:40'),
	(353,6,90,0,0,0,NULL,0,0,'2015-05-18 11:44:40','2015-05-18 11:44:40'),
	(354,6,91,0,0,0,NULL,0,0,'2015-05-18 11:44:40','2015-05-18 11:44:40'),
	(355,6,92,0,0,0,NULL,0,0,'2015-05-18 11:44:40','2015-05-18 11:44:40'),
	(356,6,93,0,0,0,NULL,0,0,'2015-05-18 11:44:40','2015-05-18 11:44:40'),
	(357,6,94,0,0,0,NULL,0,0,'2015-05-18 11:44:40','2015-05-18 11:44:40'),
	(358,6,95,0,0,0,NULL,0,0,'2015-05-18 11:44:40','2015-05-18 11:44:40'),
	(359,6,96,0,0,0,NULL,0,0,'2015-05-18 11:44:40','2015-05-18 11:44:40'),
	(360,6,97,0,0,0,NULL,0,0,'2015-05-18 11:44:40','2015-05-18 11:44:40'),
	(361,6,98,0,0,0,NULL,0,0,'2015-05-18 11:44:40','2015-05-18 11:44:40'),
	(362,7,1,12000000,1,0,NULL,1,0,'2015-05-18 14:35:57','2015-05-19 15:03:03'),
	(363,7,2,2000000,1,0,NULL,1,0,'2015-05-18 14:35:57','2015-05-19 15:03:03'),
	(364,7,3,7000000,1,0,NULL,1,0,'2015-05-18 14:35:57','2015-05-19 15:03:03'),
	(365,7,4,2000000,1,0,NULL,1,0,'2015-05-18 14:35:57','2015-05-19 15:03:03'),
	(366,7,5,2500000,1,0,NULL,1,0,'2015-05-18 14:35:57','2015-05-19 15:03:03'),
	(367,7,6,12500000,1,0,NULL,1,0,'2015-05-18 14:35:57','2015-05-19 15:03:03'),
	(368,7,7,3000000,1,0,NULL,1,0,'2015-05-18 14:35:57','2015-05-19 15:03:03'),
	(369,7,8,15000000,1,0,NULL,1,0,'2015-05-18 14:35:57','2015-05-19 15:03:03'),
	(370,7,9,3500000,1,0,NULL,1,0,'2015-05-18 14:35:57','2015-05-19 15:03:03'),
	(371,7,10,250000,1,0,NULL,1,0,'2015-05-18 14:35:57','2015-05-19 15:03:03'),
	(372,7,11,2500000,1,0,NULL,1,0,'2015-05-18 14:35:57','2015-05-19 15:03:03'),
	(373,7,12,3500000,1,0,NULL,1,0,'2015-05-18 14:35:57','2015-05-19 15:03:03'),
	(374,7,13,3500000,1,0,NULL,1,0,'2015-05-18 14:35:57','2015-05-19 15:03:03'),
	(375,7,14,17500000,1,0,NULL,1,0,'2015-05-18 14:35:57','2015-05-19 15:03:03'),
	(376,7,15,2500000,1,0,NULL,1,0,'2015-05-18 14:35:57','2015-05-19 15:03:03'),
	(377,7,16,10000000,1,0,NULL,1,0,'2015-05-18 14:35:57','2015-05-19 15:03:03'),
	(378,7,17,3000000,1,0,NULL,1,0,'2015-05-18 14:35:57','2015-05-19 15:03:03'),
	(379,7,18,12500000,1,0,NULL,1,0,'2015-05-18 14:35:57','2015-05-19 15:03:03'),
	(380,7,19,700000,1,0,NULL,1,0,'2015-05-18 14:35:57','2015-05-19 15:03:03'),
	(381,7,20,850000,1,0,NULL,1,0,'2015-05-18 14:35:57','2015-05-19 15:03:03'),
	(382,7,21,1650000,1,0,NULL,1,0,'2015-05-18 14:35:57','2015-05-19 15:03:03'),
	(383,7,22,1650000,1,0,NULL,1,0,'2015-05-18 14:35:57','2015-05-19 15:03:03'),
	(384,7,23,1500000,1,0,NULL,1,1,'2015-05-18 14:35:57','2015-05-19 15:03:03'),
	(385,7,24,7500000,1,0,NULL,1,1,'2015-05-18 14:35:57','2015-05-19 15:03:03'),
	(386,7,25,2000000,1,0,NULL,1,1,'2015-05-18 14:35:57','2015-05-19 15:03:03'),
	(387,7,26,10000000,1,0,NULL,1,1,'2015-05-18 14:35:57','2015-05-19 15:03:03'),
	(388,7,27,1500000,1,0,NULL,1,1,'2015-05-18 14:35:57','2015-05-19 15:03:03'),
	(389,7,28,1000000,1,0,NULL,1,1,'2015-05-18 14:35:57','2015-05-19 15:03:03'),
	(390,7,29,2500000,1,0,NULL,1,1,'2015-05-18 14:35:57','2015-05-19 15:03:03'),
	(391,7,30,25000000,1,0,NULL,1,1,'2015-05-18 14:35:57','2015-05-19 15:03:03'),
	(392,7,31,2000000,1,0,NULL,1,1,'2015-05-18 14:35:57','2015-05-19 15:03:03'),
	(393,7,32,10000000,1,0,NULL,1,1,'2015-05-18 14:35:57','2015-05-19 15:03:03'),
	(394,7,33,350000,1,0,NULL,1,1,'2015-05-18 14:35:57','2015-05-19 15:03:03'),
	(395,7,34,5000000,1,0,NULL,1,1,'2015-05-18 14:35:57','2015-05-19 15:03:03'),
	(396,7,44,10000000,1,0,NULL,1,1,'2015-05-18 14:35:57','2015-05-19 15:03:03'),
	(397,7,35,11500000,1,0,NULL,1,1,'2015-05-18 14:35:57','2015-05-19 15:03:03'),
	(398,7,36,0,1,0,NULL,1,1,'2015-05-18 14:35:57','2015-05-19 15:03:03'),
	(399,7,37,0,1,0,NULL,1,1,'2015-05-18 14:35:57','2015-05-19 15:03:03'),
	(400,7,38,9000000,1,0,NULL,1,1,'2015-05-18 14:35:57','2015-05-19 15:03:03'),
	(401,7,39,150000,1,0,NULL,1,1,'2015-05-18 14:35:57','2015-05-19 15:03:03'),
	(402,7,40,600000,1,0,NULL,1,1,'2015-05-18 14:35:57','2015-05-19 15:03:03'),
	(403,7,41,500000,1,0,NULL,1,1,'2015-05-18 14:35:57','2015-05-19 15:03:03'),
	(404,7,42,850000,1,0,NULL,1,1,'2015-05-18 14:35:57','2015-05-19 15:03:03'),
	(405,7,43,85000,1,0,NULL,1,1,'2015-05-18 14:35:57','2015-05-19 15:03:03'),
	(406,7,45,0,1,0,NULL,1,0,'2015-05-18 14:35:57','2015-05-19 15:03:03'),
	(407,7,46,0,1,0,NULL,1,0,'2015-05-18 14:35:57','2015-05-19 15:03:03'),
	(408,7,47,0,1,0,NULL,1,0,'2015-05-18 14:35:57','2015-05-19 15:03:03'),
	(409,7,48,600000,1,0,NULL,1,1,'2015-05-18 14:35:57','2015-05-19 15:03:03'),
	(410,7,49,2000000,1,0,NULL,1,1,'2015-05-18 14:35:57','2015-05-19 15:03:03'),
	(411,7,50,2000000,1,0,NULL,1,1,'2015-05-18 14:35:57','2015-05-19 15:03:03'),
	(412,7,51,350000,1,0,NULL,1,1,'2015-05-18 14:35:57','2015-05-19 15:03:03'),
	(413,7,52,800000,1,0,NULL,1,1,'2015-05-18 14:35:57','2015-05-19 15:03:03'),
	(414,7,53,1000000,1,0,NULL,1,1,'2015-05-18 14:35:57','2015-05-19 15:03:03'),
	(415,7,54,2000000,1,0,NULL,1,1,'2015-05-18 14:35:57','2015-05-19 15:03:03'),
	(416,7,55,175000,1,0,NULL,1,0,'2015-05-18 14:35:57','2015-05-19 15:03:03'),
	(417,7,56,50000,1,0,NULL,1,0,'2015-05-18 14:35:57','2015-05-19 15:03:03'),
	(418,7,58,100000,0,0,NULL,0,0,'2015-05-18 14:35:57','2015-05-19 15:03:03'),
	(419,7,59,100000,0,0,NULL,0,0,'2015-05-18 14:35:57','2015-05-19 15:03:03'),
	(420,7,60,100000,0,0,NULL,0,0,'2015-05-18 14:35:57','2015-05-19 15:03:03'),
	(421,7,61,100000,0,0,NULL,0,0,'2015-05-18 14:35:57','2015-05-19 15:03:03'),
	(422,7,62,100000,0,0,NULL,0,0,'2015-05-18 14:35:57','2015-05-19 15:03:03'),
	(423,7,63,100000,0,0,NULL,0,0,'2015-05-18 14:35:57','2015-05-19 15:03:03'),
	(424,7,64,300000,0,0,NULL,0,0,'2015-05-18 14:35:57','2015-05-19 15:03:03'),
	(425,7,65,65000,0,0,NULL,0,0,'2015-05-18 14:35:57','2015-05-19 15:03:03'),
	(426,7,66,0,0,0,NULL,0,0,'2015-05-18 14:35:57','2015-05-19 15:03:03'),
	(427,7,67,195000,0,0,NULL,0,0,'2015-05-18 14:35:57','2015-05-19 15:03:03'),
	(428,7,68,200000,0,0,NULL,0,0,'2015-05-18 14:35:57','2015-05-19 15:03:03'),
	(429,7,69,200000,0,0,NULL,0,0,'2015-05-18 14:35:57','2015-05-19 15:03:03'),
	(430,7,70,425000,0,0,NULL,0,0,'2015-05-18 14:35:57','2015-05-19 15:03:03'),
	(431,7,71,450000,0,0,NULL,0,0,'2015-05-18 14:35:57','2015-05-19 15:03:03'),
	(432,7,72,360000,0,0,NULL,0,0,'2015-05-18 14:35:57','2015-05-19 15:03:03'),
	(433,7,73,425000,0,0,NULL,0,0,'2015-05-18 14:35:57','2015-05-19 15:03:03'),
	(434,7,74,250000,0,0,NULL,0,0,'2015-05-18 14:35:57','2015-05-19 15:03:03'),
	(435,7,75,225000,0,0,NULL,0,0,'2015-05-18 14:35:57','2015-05-19 15:03:03'),
	(436,7,76,225000,0,0,NULL,0,0,'2015-05-18 14:35:57','2015-05-19 15:03:03'),
	(437,7,77,225000,0,0,NULL,0,0,'2015-05-18 14:35:57','2015-05-19 15:03:03'),
	(438,7,78,225000,0,0,NULL,0,0,'2015-05-18 14:35:57','2015-05-19 15:03:03'),
	(439,7,79,200000,0,0,NULL,0,0,'2015-05-18 14:35:57','2015-05-19 15:03:03'),
	(440,7,80,200000,0,0,NULL,0,0,'2015-05-18 14:35:57','2015-05-19 15:03:03'),
	(441,7,81,200000,0,0,NULL,0,0,'2015-05-18 14:35:57','2015-05-19 15:03:03'),
	(442,7,82,200000,0,0,NULL,0,0,'2015-05-18 14:35:57','2015-05-19 15:03:03'),
	(443,7,83,200000,0,0,NULL,0,0,'2015-05-18 14:35:57','2015-05-19 15:03:03'),
	(444,7,84,200000,0,0,NULL,0,0,'2015-05-18 14:35:57','2015-05-19 15:03:03'),
	(445,7,85,200000,0,0,NULL,0,0,'2015-05-18 14:35:57','2015-05-19 15:03:03'),
	(446,7,86,800000,0,0,NULL,0,0,'2015-05-18 14:35:57','2015-05-19 15:03:03'),
	(447,7,87,1000000,0,0,NULL,0,0,'2015-05-18 14:35:57','2015-05-19 15:03:03'),
	(448,7,88,700000,0,0,NULL,0,0,'2015-05-18 14:35:57','2015-05-19 15:03:03'),
	(449,7,89,0,0,0,NULL,0,0,'2015-05-18 14:35:57','2015-05-19 15:03:03'),
	(450,7,90,0,0,0,NULL,0,0,'2015-05-18 14:35:57','2015-05-19 15:03:03'),
	(451,7,91,125000,0,0,NULL,0,0,'2015-05-18 14:35:57','2015-05-19 15:03:03'),
	(452,7,92,85000,0,0,NULL,0,0,'2015-05-18 14:35:57','2015-05-19 15:03:03'),
	(453,7,93,55000,0,0,NULL,0,0,'2015-05-18 14:35:57','2015-05-19 15:03:03'),
	(454,7,94,55000,0,0,NULL,0,0,'2015-05-18 14:35:57','2015-05-19 15:03:03'),
	(455,7,95,55000,0,0,NULL,0,0,'2015-05-18 14:35:57','2015-05-19 15:03:03'),
	(456,7,96,175000,0,0,NULL,0,0,'2015-05-18 14:35:57','2015-05-19 15:03:03'),
	(457,7,97,175000,0,0,NULL,0,0,'2015-05-18 14:35:57','2015-05-19 15:03:03'),
	(458,7,98,200000,0,0,NULL,0,0,'2015-05-18 14:35:57','2015-05-19 15:03:03');

/*!40000 ALTER TABLE `appointment_items` ENABLE KEYS */;
UNLOCK TABLES;


# Dump of table appointments
# ------------------------------------------------------------

DROP TABLE IF EXISTS `appointments`;

CREATE TABLE `appointments` (
  `id` int(11) unsigned NOT NULL AUTO_INCREMENT,
  `invoice_number` varchar(20) DEFAULT NULL,
  `doctor_id` int(11) DEFAULT NULL,
  `patient_id` int(11) DEFAULT NULL,
  `receptionist_id` int(11) DEFAULT NULL,
  `observer_id` int(11) DEFAULT NULL,
  `step` int(1) DEFAULT NULL,
  `observation_notes` text,
  `suggestion` text,
  `treatment_resume` text NOT NULL,
  `lab_test` text NOT NULL,
  `payment_type_id` int(1) DEFAULT NULL,
  `credit_card_number` varchar(16) DEFAULT NULL,
  `total` varchar(20) DEFAULT NULL,
  `change` varchar(20) DEFAULT NULL,
  `payment_received` varchar(20) DEFAULT NULL,
  `status` int(1) DEFAULT NULL,
  `created` datetime DEFAULT NULL,
  `modified` datetime DEFAULT NULL,
  PRIMARY KEY (`id`)
) ENGINE=InnoDB DEFAULT CHARSET=utf8;

LOCK TABLES `appointments` WRITE;
/*!40000 ALTER TABLE `appointments` DISABLE KEYS */;

INSERT INTO `appointments` (`id`, `invoice_number`, `doctor_id`, `patient_id`, `receptionist_id`, `observer_id`, `step`, `observation_notes`, `suggestion`, `treatment_resume`, `lab_test`, `payment_type_id`, `credit_card_number`, `total`, `change`, `payment_received`, `status`, `created`, `modified`)
VALUES
	(1,'INV00000001',20,12,19,21,7,'roughness, wrinkle, uv acne',NULL,'','',1,'','39000000','-39000000','',1,'2015-05-15 12:39:42','2015-05-18 11:46:24'),
	(2,'INV00000002',18,17,19,21,7,'dsasdasda',NULL,'telah dilakukan semua','',1,'','15585000','-15585000','',1,'2015-05-15 12:50:32','2015-05-16 12:44:34'),
	(3,NULL,20,21,19,NULL,2,NULL,NULL,'','',NULL,NULL,NULL,NULL,NULL,1,'2015-05-15 14:01:03','2015-05-15 14:01:18'),
	(4,NULL,20,22,19,NULL,2,NULL,NULL,'','',NULL,NULL,NULL,NULL,NULL,1,'2015-05-15 14:01:34','2015-05-15 14:01:47'),
	(5,'INV00000005',18,7,19,21,7,'hhjgjgjghjghjhj',NULL,'sudah','',1,'','14000000','0','14000000',1,'2015-05-15 14:23:03','2015-05-15 14:28:34'),
	(6,NULL,18,11,19,21,4,'wwwwwww',NULL,'','',NULL,NULL,NULL,NULL,NULL,1,'2015-05-18 11:30:36','2015-05-18 11:44:40'),
	(7,'INV00000007',18,17,19,21,7,'dsdsdfsf',NULL,'sudah semua','',1,'','109785000','215000','110000000',1,'2015-05-18 12:23:57','2015-05-19 15:03:03');

/*!40000 ALTER TABLE `appointments` ENABLE KEYS */;
UNLOCK TABLES;


# Dump of table aros
# ------------------------------------------------------------

DROP TABLE IF EXISTS `aros`;

CREATE TABLE `aros` (
  `id` int(10) NOT NULL AUTO_INCREMENT,
  `parent_id` int(10) DEFAULT NULL,
  `model` varchar(255) DEFAULT NULL,
  `foreign_key` int(10) DEFAULT NULL,
  `alias` varchar(255) DEFAULT NULL,
  `description` text NOT NULL,
  `lft` int(10) DEFAULT NULL,
  `rght` int(10) DEFAULT NULL,
  `total_admin` int(11) NOT NULL DEFAULT '0',
  `status` smallint(1) NOT NULL DEFAULT '1',
  `created` datetime NOT NULL,
  `modified` datetime NOT NULL,
  PRIMARY KEY (`id`),
  KEY `lft` (`lft`),
  KEY `rght` (`rght`)
) ENGINE=MyISAM DEFAULT CHARSET=utf8;

LOCK TABLES `aros` WRITE;
/*!40000 ALTER TABLE `aros` DISABLE KEYS */;

INSERT INTO `aros` (`id`, `parent_id`, `model`, `foreign_key`, `alias`, `description`, `lft`, `rght`, `total_admin`, `status`, `created`, `modified`)
VALUES
	(1,NULL,NULL,NULL,'superadmin','',1,14,1,1,'2014-11-25 00:00:00','2014-11-25 00:00:00'),
	(2,1,NULL,NULL,'Regular_Admin','',2,3,1,1,'2014-11-25 12:55:28','2015-04-09 03:00:12'),
	(3,1,NULL,NULL,'Finance','',4,5,1,1,'2014-11-25 12:55:47','2015-04-24 12:58:28'),
	(4,1,NULL,NULL,'Doctor','',6,7,4,1,'2014-11-25 12:56:02','2015-05-08 13:21:15'),
	(5,1,NULL,NULL,'Receptionist','untuk yang penerima tamu',8,9,1,1,'2015-04-30 23:26:57','2015-04-30 23:27:26'),
	(6,1,NULL,NULL,'Doctor_Observation','untuk doctor step 2',10,11,1,1,'2015-05-01 21:28:39','2015-05-01 21:28:39'),
	(7,1,NULL,NULL,'Beautician','beautician',12,13,1,1,'2015-05-02 13:23:51','2015-05-02 13:23:51');

/*!40000 ALTER TABLE `aros` ENABLE KEYS */;
UNLOCK TABLES;


# Dump of table aros_acos
# ------------------------------------------------------------

DROP TABLE IF EXISTS `aros_acos`;

CREATE TABLE `aros_acos` (
  `id` bigint(20) NOT NULL AUTO_INCREMENT,
  `aro_id` int(10) NOT NULL,
  `aco_id` int(10) NOT NULL,
  `_create` varchar(2) NOT NULL DEFAULT '0',
  `_read` varchar(2) NOT NULL DEFAULT '0',
  `_update` varchar(2) NOT NULL DEFAULT '0',
  `_delete` varchar(2) NOT NULL DEFAULT '0',
  PRIMARY KEY (`id`),
  UNIQUE KEY `ARO_ACO_KEY` (`aro_id`,`aco_id`),
  KEY `aro_id` (`aro_id`),
  KEY `aco_id` (`aco_id`)
) ENGINE=MyISAM DEFAULT CHARSET=utf8;

LOCK TABLES `aros_acos` WRITE;
/*!40000 ALTER TABLE `aros_acos` DISABLE KEYS */;

INSERT INTO `aros_acos` (`id`, `aro_id`, `aco_id`, `_create`, `_read`, `_update`, `_delete`)
VALUES
	(895,1,32,'1','1','1','1'),
	(701,3,33,'0','0','0','0'),
	(288,2,14,'1','1','1','1'),
	(287,2,11,'1','1','1','1'),
	(286,2,8,'1','1','1','1'),
	(285,2,7,'1','1','1','1'),
	(284,2,5,'1','1','1','1'),
	(283,2,4,'1','1','1','1'),
	(894,1,31,'1','1','1','1'),
	(694,3,7,'0','0','0','0'),
	(695,3,8,'0','0','0','0'),
	(696,3,11,'0','0','0','0'),
	(697,3,14,'0','0','0','0'),
	(698,3,30,'1','1','1','1'),
	(699,3,31,'1','1','1','1'),
	(700,3,32,'0','0','0','0'),
	(898,1,38,'1','1','1','1'),
	(897,1,37,'1','1','1','1'),
	(896,1,33,'1','1','1','1'),
	(648,4,4,'0','0','0','0'),
	(649,4,5,'0','0','0','0'),
	(650,4,7,'0','0','0','0'),
	(651,4,8,'0','0','0','0'),
	(652,4,11,'0','0','0','0'),
	(653,4,14,'0','0','0','0'),
	(654,4,30,'0','0','0','0'),
	(655,4,31,'1','1','1','1'),
	(656,4,32,'0','0','0','0'),
	(657,4,33,'0','0','0','0'),
	(899,1,39,'1','1','1','1'),
	(693,3,5,'0','0','0','0'),
	(692,3,4,'0','0','0','0'),
	(893,1,30,'1','1','1','1'),
	(892,1,14,'1','1','1','1'),
	(891,1,11,'1','1','1','1'),
	(890,1,8,'1','1','1','1'),
	(749,5,33,'0','0','0','0'),
	(748,5,32,'0','0','0','0'),
	(747,5,31,'1','1','0','0'),
	(746,5,30,'0','0','0','0'),
	(745,5,14,'0','0','0','0'),
	(744,5,11,'0','0','0','0'),
	(743,5,8,'0','0','0','0'),
	(742,5,7,'0','0','0','0'),
	(741,5,5,'0','0','0','0'),
	(740,5,4,'1','1','1','1'),
	(889,1,7,'1','1','1','1'),
	(761,6,33,'0','0','0','0'),
	(760,6,32,'0','0','0','0'),
	(759,6,31,'1','1','1','1'),
	(758,6,30,'0','0','0','0'),
	(757,6,14,'0','0','0','0'),
	(756,6,11,'0','0','0','0'),
	(755,6,8,'0','0','0','0'),
	(754,6,7,'0','0','0','0'),
	(753,6,5,'0','0','0','0'),
	(752,6,4,'1','1','1','1'),
	(900,1,40,'1','1','1','1'),
	(773,7,33,'0','0','0','0'),
	(772,7,32,'0','0','0','0'),
	(771,7,31,'0','1','0','0'),
	(770,7,30,'0','0','0','0'),
	(769,7,14,'0','0','0','0'),
	(768,7,11,'0','0','0','0'),
	(767,7,8,'0','0','0','0'),
	(766,7,7,'0','0','0','0'),
	(765,7,5,'0','0','0','0'),
	(764,7,4,'1','1','1','1'),
	(903,1,43,'1','1','1','1'),
	(901,1,41,'1','1','1','1'),
	(902,1,42,'1','1','1','1'),
	(888,1,5,'1','1','1','1'),
	(887,1,4,'1','1','1','1'),
	(904,1,44,'1','1','1','1');

/*!40000 ALTER TABLE `aros_acos` ENABLE KEYS */;
UNLOCK TABLES;


# Dump of table blog_images
# ------------------------------------------------------------

DROP TABLE IF EXISTS `blog_images`;

CREATE TABLE `blog_images` (
  `id` int(11) unsigned NOT NULL AUTO_INCREMENT,
  `blog_id` int(11) DEFAULT NULL,
  `title` varchar(255) DEFAULT NULL,
  `sort` int(3) DEFAULT NULL,
  `status` int(1) DEFAULT NULL,
  `created` datetime DEFAULT NULL,
  `modified` datetime DEFAULT NULL,
  PRIMARY KEY (`id`)
) ENGINE=InnoDB DEFAULT CHARSET=utf8;

LOCK TABLES `blog_images` WRITE;
/*!40000 ALTER TABLE `blog_images` DISABLE KEYS */;

INSERT INTO `blog_images` (`id`, `blog_id`, `title`, `sort`, `status`, `created`, `modified`)
VALUES
	(1,1,'this is the din tai fun ',100,1,'2015-06-01 10:25:46','2015-06-01 10:25:46'),
	(3,1,'The only gordon ramsay',2,1,'2015-06-01 14:29:19','2015-06-01 14:29:19');

/*!40000 ALTER TABLE `blog_images` ENABLE KEYS */;
UNLOCK TABLES;


# Dump of table blogs
# ------------------------------------------------------------

DROP TABLE IF EXISTS `blogs`;

CREATE TABLE `blogs` (
  `id` int(11) unsigned NOT NULL AUTO_INCREMENT,
  `admin_id` int(11) DEFAULT NULL,
  `title` varchar(255) DEFAULT NULL,
  `author_name` varchar(200) DEFAULT NULL,
  `description` text,
  `sort` int(3) DEFAULT NULL,
  `status` int(1) DEFAULT NULL,
  `created` datetime DEFAULT NULL,
  `modified` datetime DEFAULT NULL,
  PRIMARY KEY (`id`)
) ENGINE=InnoDB DEFAULT CHARSET=utf8;

LOCK TABLES `blogs` WRITE;
/*!40000 ALTER TABLE `blogs` DISABLE KEYS */;

INSERT INTO `blogs` (`id`, `admin_id`, `title`, `author_name`, `description`, `sort`, `status`, `created`, `modified`)
VALUES
	(1,1,'CHEFS TABLE BY DIN TAI FUNG','Gordon Ramsay','From the creators of Michelin starred restaurant, Din Tai Fung, Chefs Table is reborn. With a same approach of true to excellence that Din Tai Fung offers, Chefs Table promises an enthralling dining experience. Do note that pork is served here.\r\n\r\nWhat to Order : \r\n- Chicken Tse Chuan with Pork Chop\r\n- Xiao Long Bao\r\n- Pork Ribs with Caramelized Sweet Sauce',100,1,'2015-06-01 09:59:45','2015-06-01 14:02:09'),
	(2,1,'WELCOME DIM SUM LOVERS!','Gordon Ramsay','Dim Sum Centrals mission is to help you order and make delicious dim sum.\r\n\r\nAt Dim Sum Central, you can find a complete dim sum ordering guide and authentic recipes for dozens of your favorite dim sum dishes.\r\n\r\nIf you are new to dim sum, start with this background article What is Dim Sum?\r\nIf you are preparing to visit a dim sum restaurant, visit our Dim Sum Menu Guide.\r\nIf you want recipes for specific dim sum dishes, scroll down to find them organized by method of preparation.\r\nYoull find many other great resources at Dim Sum Central. You can find the best dim sum restaurants in the United States, recommended dim sum tea pairings and blog features about all things dim sum.\r\n\r\nPlease use our Contact Form if you have feedback or would like to see additional dim sum information on this site.\r\n\r\nCheers, and enjoy delicious dim sum!',100,1,'2015-06-01 11:53:28','2015-06-01 14:54:26'),
	(3,1,'STEAMED SAUSAGE ROLLS','Gordon Ramsay','Makes: 12 | Prep Time: 5 Hours | Cook Time: 30 Minutes\r\nAdapted From: Half Hour Meals\r\n\r\n\r\n \r\nSteamed sausage rolls are made by wrapping the same white bread that is used in steamed roast pork buns around a Chinese sausage. The bread soaks up the oil from the sausage to create a savory treat.\r\n\r\nYou can use a grocery store brand of Chinese sausage for this recipe (Kam Yen Jan is common), but try seeking out an artisan producer for a special treat. Choosing a sausage from a place like Mow Lee Shing Kee in San Franciscos Chinatown will add a deeper and more complex flavor to your rolls.\r\n\r\nSteamed sausage rolls are really a snack turned dim sum specialty. Youll find them in Chinatown bakeries, a favorite item for children to grab on their way back from school. Make them at home for a dim sum meal or to delight the little person in your life.\r\n\r\nCan you share any expert tips from your experience making steamed sausage rolls? Want to ask a question before you try making it yourself? Id love to hear from you in the comments section below!\r\n\r\nSteamed Sausage Rolls Recipe\r\nMakes: 12 | Prep Time: 5 Hours | Cook Time: 30 Minutes\r\nAdapted From: Half Hour Meals\r\n\r\n\r\n \r\nIngredients:\r\nStarter:\r\n1 tablespoon dry yeast\r\n1 teaspoon white sugar\r\n1/4 cup all-purpose flour\r\n1/4 cup warm water\r\n\r\nDough:\r\n1/2 cup warm milk\r\n1 3/4 cups all-purpose flour (plain flour)\r\n1/4 teaspoon salt\r\n2 1/4 tablespoons white sugar\r\n1 tablespoon vegetable oil\r\n1 pinch baking soda\r\n1/2 teaspoon baking powder\r\n\r\nFilling:\r\n3 Chinese sausages\r\n1 1/2 tablespoon oyster sauce\r\n1 1/2 tablespoon dark soy sauce\r\n1/2 tablespoon sesame oil\r\n\r\nTools:\r\nTraditional Chinese cleaver\r\nChinese chopping block\r\nBamboo steamer\r\nFlat bottom wok\r\nRound bottom wok\r\n\r\nPreparation:\r\nMix the ingredients for the starter and let the mixture stand for 30 minutes.\r\n\r\nTo the starter mixture, add warm milk, water, flour, salt, sugar, a pinch of baking soda and vegetable oil. Knead mixture until the dough is smooth and elastic. Grease a large bowl and place dough in it. Set aside for about 3 hours  it should triple in size.\r\n\r\nQuarter the sausages lengthwise. In a bowl, combine the oyster and sauce sauces and sesame oil. Add the sausage pieces and mix well. Marinade in the refrigerator for 30 minutes.\r\n\r\nAssembly:\r\nDust a board with flour, punch down the dough and lay it on the board. Sprinkle baking power evenly over the dough and knead for 5 minutes. Divide the dough into 12 pieces, roll each into a ball, then roll each ball into a cylindrical shape roughly the length of the pieces of Chinese sausage.\r\n\r\nRoll each piece of dough around one of the 12 pieces of Chinese sausage. Place the finished bun onto a piece of parchment paper. Once done, let the buns stand covered for 30 minutes.\r\n\r\nFinal Steps:\r\nPlace the buns 1-2 inches apart in a bamboo steamer over a wok filled with boiling water. Cover and steam for 15 minutes until cooked through.',100,1,'2015-06-01 11:54:30','2015-06-01 13:58:50');

/*!40000 ALTER TABLE `blogs` ENABLE KEYS */;
UNLOCK TABLES;


# Dump of table cms_menus
# ------------------------------------------------------------

DROP TABLE IF EXISTS `cms_menus`;

CREATE TABLE `cms_menus` (
  `id` int(11) NOT NULL AUTO_INCREMENT,
  `name` varchar(100) NOT NULL,
  `url` varchar(100) NOT NULL,
  `sort` int(2) DEFAULT NULL,
  `class` varchar(255) DEFAULT NULL,
  `status` int(1) NOT NULL DEFAULT '1',
  PRIMARY KEY (`id`)
) ENGINE=MyISAM DEFAULT CHARSET=utf8;

LOCK TABLES `cms_menus` WRITE;
/*!40000 ALTER TABLE `cms_menus` DISABLE KEYS */;

INSERT INTO `cms_menus` (`id`, `name`, `url`, `sort`, `class`, `status`)
VALUES
	(1,'Dashboard','Home/Index',1,'dash',1),
	(3,'Administrator','',2,'user',1),
	(11,'Sponsored Files','SponsoredFiles/Index',6,'files',1),
	(6,'File Manager','Files/Index',5,'files',0),
	(7,'User Management','',6,'user',1),
	(8,'Settings','',7,'settings',1),
	(12,'Online Dining Promos','OnlineDiningPromos/Index',6,'files',1),
	(13,'Prizes','Prizes/Index',6,'files',1),
	(14,'How To','HowTos/Index',6,'files',1),
	(15,'Pages','WebPages/Index',6,'files',1),
	(16,'Blogs','Blogs/Index',5,'files',1),
	(17,'Import Files','ImportFiles/Index',6,'files',1);

/*!40000 ALTER TABLE `cms_menus` ENABLE KEYS */;
UNLOCK TABLES;


# Dump of table cms_submenus
# ------------------------------------------------------------

DROP TABLE IF EXISTS `cms_submenus`;

CREATE TABLE `cms_submenus` (
  `id` int(11) NOT NULL AUTO_INCREMENT,
  `cms_menu_id` int(11) NOT NULL,
  `name` varchar(100) NOT NULL,
  `url` varchar(100) NOT NULL,
  `status` int(1) NOT NULL DEFAULT '1',
  PRIMARY KEY (`id`)
) ENGINE=MyISAM DEFAULT CHARSET=utf8;

LOCK TABLES `cms_submenus` WRITE;
/*!40000 ALTER TABLE `cms_submenus` DISABLE KEYS */;

INSERT INTO `cms_submenus` (`id`, `cms_menu_id`, `name`, `url`, `status`)
VALUES
	(1,2,'Product','Products/Index',1),
	(3,3,'Module Object','Acos/Index',1),
	(4,3,'Admin Group','Aros/Index',1),
	(6,3,'Admin','Admins/Index',1),
	(23,8,'Main Pages','MainPages/Index',1),
	(20,8,'Web Menu','WebMenus/Index',0),
	(21,7,'User List','Users/Index',1);

/*!40000 ALTER TABLE `cms_submenus` ENABLE KEYS */;
UNLOCK TABLES;


# Dump of table contents
# ------------------------------------------------------------

DROP TABLE IF EXISTS `contents`;

CREATE TABLE `contents` (
  `id` int(11) NOT NULL AUTO_INCREMENT,
  `model` varchar(100) NOT NULL,
  `model_id` int(11) NOT NULL,
  `type` varchar(100) NOT NULL,
  `host` varchar(255) NOT NULL,
  `url` varchar(100) NOT NULL,
  `cloud` enum('0','1') NOT NULL DEFAULT '0' COMMENT '0=Masih di server loka,1=Sudah di server cloud',
  `mime_type` varchar(100) NOT NULL,
  `path` varchar(255) DEFAULT NULL,
  PRIMARY KEY (`id`),
  KEY `cloud` (`cloud`)
) ENGINE=MyISAM DEFAULT CHARSET=utf8;

LOCK TABLES `contents` WRITE;
/*!40000 ALTER TABLE `contents` DISABLE KEYS */;

INSERT INTO `contents` (`id`, `model`, `model_id`, `type`, `host`, `url`, `cloud`, `mime_type`, `path`)
VALUES
	(361,'Blog',2,'author','http://www.icelebratefood.com/','contents/Blog/2/2_author.jpg','','image/jpeg','/Library/WebServer/Documents/amaya-004-hsbc/app/webroot/contents/Blog/2/2_author.jpg'),
	(360,'BlogImage',3,'big','http://www.icelebratefood.com/','contents/BlogImage/3/3_big.jpg','','image/jpeg','/Library/WebServer/Documents/amaya-004-hsbc/app/webroot/contents/BlogImage/3/3_big.jpg'),
	(359,'BlogImage',3,'thumb','http://www.icelebratefood.com/','contents/BlogImage/3/3_thumb.jpg','','image/jpeg','/Library/WebServer/Documents/amaya-004-hsbc/app/webroot/contents/BlogImage/3/3_thumb.jpg'),
	(358,'Blog',1,'author','http://www.icelebratefood.com/','contents/Blog/1/1_author.jpg','','image/jpeg','/Library/WebServer/Documents/amaya-004-hsbc/app/webroot/contents/Blog/1/1_author.jpg'),
	(357,'Blog',3,'author','http://www.icelebratefood.com/','contents/Blog/3/3_author.jpg','','image/jpeg','/Library/WebServer/Documents/amaya-004-hsbc/app/webroot/contents/Blog/3/3_author.jpg'),
	(356,'Blog',3,'big','http://www.icelebratefood.com/','contents/Blog/3/3_big.jpg','','image/jpeg','/Library/WebServer/Documents/amaya-004-hsbc/app/webroot/contents/Blog/3/3_big.jpg'),
	(355,'Blog',3,'thumb','http://www.icelebratefood.com/','contents/Blog/3/3_thumb.jpg','','image/jpeg','/Library/WebServer/Documents/amaya-004-hsbc/app/webroot/contents/Blog/3/3_thumb.jpg'),
	(354,'Blog',2,'big','http://www.icelebratefood.com/','contents/Blog/2/2_big.jpg','','image/jpeg','/Library/WebServer/Documents/amaya-004-hsbc/app/webroot/contents/Blog/2/2_big.jpg'),
	(353,'Blog',2,'thumb','http://www.icelebratefood.com/','contents/Blog/2/2_thumb.jpg','','image/jpeg','/Library/WebServer/Documents/amaya-004-hsbc/app/webroot/contents/Blog/2/2_thumb.jpg'),
	(352,'BlogImage',2,'big','http://www.icelebratefood.com/','contents/BlogImage/2/2_big.jpg','','image/jpeg','/Library/WebServer/Documents/amaya-004-hsbc/app/webroot/contents/BlogImage/2/2_big.jpg'),
	(350,'BlogImage',1,'big','http://www.icelebratefood.com/','contents/BlogImage/1/1_big.jpg','','image/jpeg','/Library/WebServer/Documents/amaya-004-hsbc/app/webroot/contents/BlogImage/1/1_big.jpg'),
	(351,'BlogImage',2,'thumb','http://www.icelebratefood.com/','contents/BlogImage/2/2_thumb.jpg','','image/jpeg','/Library/WebServer/Documents/amaya-004-hsbc/app/webroot/contents/BlogImage/2/2_thumb.jpg'),
	(349,'BlogImage',1,'thumb','http://www.icelebratefood.com/','contents/BlogImage/1/1_thumb.jpg','','image/jpeg','/Library/WebServer/Documents/amaya-004-hsbc/app/webroot/contents/BlogImage/1/1_thumb.jpg'),
	(348,'Blog',1,'big','http://www.icelebratefood.com/','contents/Blog/1/1_big.jpg','','image/jpeg','/Library/WebServer/Documents/amaya-004-hsbc/app/webroot/contents/Blog/1/1_big.jpg'),
	(347,'Blog',1,'thumb','http://www.icelebratefood.com/','contents/Blog/1/1_thumb.jpg','','image/jpeg','/Library/WebServer/Documents/amaya-004-hsbc/app/webroot/contents/Blog/1/1_thumb.jpg'),
	(346,'WebPage',9,'big','http://www.icelebratefood.com/','contents/WebPage/9/9_big.jpg','','image/jpeg','/Library/WebServer/Documents/amaya-004-hsbc/app/webroot/contents/WebPage/9/9_big.jpg'),
	(345,'WebPage',9,'thumb','http://www.icelebratefood.com/','contents/WebPage/9/9_thumb.jpg','','image/jpeg','/Library/WebServer/Documents/amaya-004-hsbc/app/webroot/contents/WebPage/9/9_thumb.jpg'),
	(344,'WebPage',8,'big','http://www.icelebratefood.com/','contents/WebPage/8/8_big.jpg','','image/jpeg','/Library/WebServer/Documents/amaya-004-hsbc/app/webroot/contents/WebPage/8/8_big.jpg'),
	(343,'WebPage',8,'thumb','http://www.icelebratefood.com/','contents/WebPage/8/8_thumb.jpg','','image/jpeg','/Library/WebServer/Documents/amaya-004-hsbc/app/webroot/contents/WebPage/8/8_thumb.jpg'),
	(342,'WebPage',7,'big','http://www.icelebratefood.com/','contents/WebPage/7/7_big.jpg','','image/jpeg','/Library/WebServer/Documents/amaya-004-hsbc/app/webroot/contents/WebPage/7/7_big.jpg'),
	(341,'WebPage',7,'thumb','http://www.icelebratefood.com/','contents/WebPage/7/7_thumb.jpg','','image/jpeg','/Library/WebServer/Documents/amaya-004-hsbc/app/webroot/contents/WebPage/7/7_thumb.jpg'),
	(340,'WebPage',6,'big','http://www.icelebratefood.com/','contents/WebPage/6/6_big.jpg','','image/jpeg','/Library/WebServer/Documents/amaya-004-hsbc/app/webroot/contents/WebPage/6/6_big.jpg'),
	(339,'WebPage',6,'thumb','http://www.icelebratefood.com/','contents/WebPage/6/6_thumb.jpg','','image/jpeg','/Library/WebServer/Documents/amaya-004-hsbc/app/webroot/contents/WebPage/6/6_thumb.jpg'),
	(338,'WebPage',5,'big','http://www.icelebratefood.com/','contents/WebPage/5/5_big.jpg','','image/jpeg','/Library/WebServer/Documents/amaya-004-hsbc/app/webroot/contents/WebPage/5/5_big.jpg'),
	(337,'WebPage',5,'thumb','http://www.icelebratefood.com/','contents/WebPage/5/5_thumb.jpg','','image/jpeg','/Library/WebServer/Documents/amaya-004-hsbc/app/webroot/contents/WebPage/5/5_thumb.jpg'),
	(336,'WebPage',4,'big','http://www.icelebratefood.com/','contents/WebPage/4/4_big.jpg','','image/jpeg','/Library/WebServer/Documents/amaya-004-hsbc/app/webroot/contents/WebPage/4/4_big.jpg'),
	(335,'WebPage',4,'thumb','http://www.icelebratefood.com/','contents/WebPage/4/4_thumb.jpg','','image/jpeg','/Library/WebServer/Documents/amaya-004-hsbc/app/webroot/contents/WebPage/4/4_thumb.jpg'),
	(334,'WebPage',3,'big','http://www.icelebratefood.com/','contents/WebPage/3/3_big.jpg','','image/jpeg','/Library/WebServer/Documents/amaya-004-hsbc/app/webroot/contents/WebPage/3/3_big.jpg'),
	(333,'WebPage',3,'thumb','http://www.icelebratefood.com/','contents/WebPage/3/3_thumb.jpg','','image/jpeg','/Library/WebServer/Documents/amaya-004-hsbc/app/webroot/contents/WebPage/3/3_thumb.jpg'),
	(332,'WebPage',2,'big','http://www.icelebratefood.com/','contents/WebPage/2/2_big.jpg','','image/jpeg','/Library/WebServer/Documents/amaya-004-hsbc/app/webroot/contents/WebPage/2/2_big.jpg'),
	(331,'WebPage',2,'thumb','http://www.icelebratefood.com/','contents/WebPage/2/2_thumb.jpg','','image/jpeg','/Library/WebServer/Documents/amaya-004-hsbc/app/webroot/contents/WebPage/2/2_thumb.jpg'),
	(330,'WebPage',1,'big','http://www.icelebratefood.com/','contents/WebPage/1/1_big.jpg','','image/jpeg','/Library/WebServer/Documents/amaya-004-hsbc/app/webroot/contents/WebPage/1/1_big.jpg'),
	(329,'WebPage',1,'thumb','http://www.icelebratefood.com/','contents/WebPage/1/1_thumb.jpg','','image/jpeg','/Library/WebServer/Documents/amaya-004-hsbc/app/webroot/contents/WebPage/1/1_thumb.jpg'),
	(328,'Prize',5,'big','http://www.icelebratefood.com/','contents/Prize/5/5_big.jpg','','image/jpeg','/Library/WebServer/Documents/amaya-004-hsbc/app/webroot/contents/Prize/5/5_big.jpg'),
	(327,'Prize',5,'thumb','http://www.icelebratefood.com/','contents/Prize/5/5_thumb.jpg','','image/jpeg','/Library/WebServer/Documents/amaya-004-hsbc/app/webroot/contents/Prize/5/5_thumb.jpg'),
	(326,'Prize',3,'big','http://www.icelebratefood.com/','contents/Prize/3/3_big.jpg','','image/jpeg','/Library/WebServer/Documents/amaya-004-hsbc/app/webroot/contents/Prize/3/3_big.jpg'),
	(325,'Prize',3,'thumb','http://www.icelebratefood.com/','contents/Prize/3/3_thumb.jpg','','image/jpeg','/Library/WebServer/Documents/amaya-004-hsbc/app/webroot/contents/Prize/3/3_thumb.jpg'),
	(323,'Prize',4,'thumb','http://www.icelebratefood.com/','contents/Prize/4/4_thumb.png','','image/png','/Library/WebServer/Documents/amaya-004-hsbc/app/webroot/contents/Prize/4/4_thumb.png'),
	(324,'Prize',4,'big','http://www.icelebratefood.com/','contents/Prize/4/4_big.png','','image/png','/Library/WebServer/Documents/amaya-004-hsbc/app/webroot/contents/Prize/4/4_big.png'),
	(322,'OnlineDiningPromo',6,'big','http://www.icelebratefood.com/','contents/OnlineDiningPromo/6/6_big.jpg','','image/jpeg','/Library/WebServer/Documents/amaya-004-hsbc/app/webroot/contents/OnlineDiningPromo/6/6_big.jpg'),
	(321,'OnlineDiningPromo',6,'thumb','http://www.icelebratefood.com/','contents/OnlineDiningPromo/6/6_thumb.png','','image/png','/Library/WebServer/Documents/amaya-004-hsbc/app/webroot/contents/OnlineDiningPromo/6/6_thumb.png'),
	(320,'OnlineDiningPromo',5,'big','http://www.icelebratefood.com/','contents/OnlineDiningPromo/5/5_big.jpg','','image/jpeg','/Library/WebServer/Documents/amaya-004-hsbc/app/webroot/contents/OnlineDiningPromo/5/5_big.jpg'),
	(319,'OnlineDiningPromo',4,'big','http://www.icelebratefood.com/','contents/OnlineDiningPromo/4/4_big.jpg','','image/jpeg','/Library/WebServer/Documents/amaya-004-hsbc/app/webroot/contents/OnlineDiningPromo/4/4_big.jpg'),
	(318,'OnlineDiningPromo',3,'big','http://www.icelebratefood.com/','contents/OnlineDiningPromo/3/3_big.png','','image/png','/Library/WebServer/Documents/amaya-004-hsbc/app/webroot/contents/OnlineDiningPromo/3/3_big.png'),
	(316,'OnlineDiningPromo',1,'thumb','http://www.icelebratefood.com/','contents/OnlineDiningPromo/1/1_thumb.png','','image/png','/Library/WebServer/Documents/amaya-004-hsbc/app/webroot/contents/OnlineDiningPromo/1/1_thumb.png'),
	(317,'OnlineDiningPromo',1,'big','http://www.icelebratefood.com/','contents/OnlineDiningPromo/1/1_big.jpg','','image/jpeg','/Library/WebServer/Documents/amaya-004-hsbc/app/webroot/contents/OnlineDiningPromo/1/1_big.jpg');

/*!40000 ALTER TABLE `contents` ENABLE KEYS */;
UNLOCK TABLES;


# Dump of table feedbacks
# ------------------------------------------------------------

DROP TABLE IF EXISTS `feedbacks`;

CREATE TABLE `feedbacks` (
  `id` int(11) unsigned NOT NULL AUTO_INCREMENT,
  `user_id` int(11) DEFAULT NULL,
  `description` text,
  `status` int(1) DEFAULT NULL,
  `created` datetime DEFAULT NULL,
  `modified` datetime DEFAULT NULL,
  PRIMARY KEY (`id`)
) ENGINE=InnoDB DEFAULT CHARSET=utf8;

LOCK TABLES `feedbacks` WRITE;
/*!40000 ALTER TABLE `feedbacks` DISABLE KEYS */;

INSERT INTO `feedbacks` (`id`, `user_id`, `description`, `status`, `created`, `modified`)
VALUES
	(1,24,'heelloo \r\nini enak bgt loh makannanyaa',1,'2015-06-01 11:27:19','2015-06-01 11:27:19');

/*!40000 ALTER TABLE `feedbacks` ENABLE KEYS */;
UNLOCK TABLES;


# Dump of table how_tos
# ------------------------------------------------------------

DROP TABLE IF EXISTS `how_tos`;

CREATE TABLE `how_tos` (
  `id` int(11) unsigned NOT NULL AUTO_INCREMENT,
  `description` text,
  `sort` int(3) DEFAULT NULL,
  `status` int(1) DEFAULT NULL,
  `created` datetime DEFAULT NULL,
  `modified` datetime DEFAULT NULL,
  PRIMARY KEY (`id`)
) ENGINE=InnoDB DEFAULT CHARSET=utf8;

LOCK TABLES `how_tos` WRITE;
/*!40000 ALTER TABLE `how_tos` DISABLE KEYS */;

INSERT INTO `how_tos` (`id`, `description`, `sort`, `status`, `created`, `modified`)
VALUES
	(1,'LOG IN AND CREATE YOUR OWN PROFILE BY SIGNING UP WITH YOUR OWN USER ID, \r\nAND USE YOUR LAST 6 (SIX) DIGIT OF YOUR HSBC CARD + DDMM OF YOUR BIRTH DATE AS YOUR PASSWORD',200,1,'2015-05-28 11:52:39','2015-05-28 11:53:26');

/*!40000 ALTER TABLE `how_tos` ENABLE KEYS */;
UNLOCK TABLES;


# Dump of table import_file_types
# ------------------------------------------------------------

DROP TABLE IF EXISTS `import_file_types`;

CREATE TABLE `import_file_types` (
  `id` int(11) unsigned NOT NULL AUTO_INCREMENT,
  `name` varchar(30) DEFAULT NULL,
  PRIMARY KEY (`id`)
) ENGINE=InnoDB DEFAULT CHARSET=utf8;

LOCK TABLES `import_file_types` WRITE;
/*!40000 ALTER TABLE `import_file_types` DISABLE KEYS */;

INSERT INTO `import_file_types` (`id`, `name`)
VALUES
	(1,'Passcodes'),
	(2,'Energy Files'),
	(3,'Vouchers');

/*!40000 ALTER TABLE `import_file_types` ENABLE KEYS */;
UNLOCK TABLES;


# Dump of table import_files
# ------------------------------------------------------------

DROP TABLE IF EXISTS `import_files`;

CREATE TABLE `import_files` (
  `id` int(11) unsigned NOT NULL AUTO_INCREMENT,
  `import_file_type_id` int(11) DEFAULT NULL,
  `filename` varchar(255) DEFAULT NULL,
  `total_line` int(10) DEFAULT '0',
  `last_line` int(10) DEFAULT '0',
  `finish` int(1) DEFAULT '0',
  `status` int(1) DEFAULT '1',
  `created` datetime DEFAULT NULL,
  `modified` datetime DEFAULT NULL,
  PRIMARY KEY (`id`)
) ENGINE=InnoDB DEFAULT CHARSET=utf8;

LOCK TABLES `import_files` WRITE;
/*!40000 ALTER TABLE `import_files` DISABLE KEYS */;

INSERT INTO `import_files` (`id`, `import_file_type_id`, `filename`, `total_line`, `last_line`, `finish`, `status`, `created`, `modified`)
VALUES
	(3,3,'3.xlsx',0,0,0,1,'2015-06-01 16:34:47','2015-06-01 16:34:47'),
	(4,2,'4.xlsx',0,0,0,1,'2015-06-01 16:35:17','2015-06-01 16:35:17'),
	(5,1,'5.xlsx',0,0,0,1,'2015-06-01 16:35:35','2015-06-01 16:35:35');

/*!40000 ALTER TABLE `import_files` ENABLE KEYS */;
UNLOCK TABLES;


# Dump of table main_pages
# ------------------------------------------------------------

DROP TABLE IF EXISTS `main_pages`;

CREATE TABLE `main_pages` (
  `id` int(11) unsigned NOT NULL AUTO_INCREMENT,
  `code` varchar(20) DEFAULT NULL,
  `title` varchar(255) DEFAULT NULL,
  `description` text,
  `status` int(1) DEFAULT NULL,
  `created` datetime DEFAULT NULL,
  `modified` datetime DEFAULT NULL,
  PRIMARY KEY (`id`)
) ENGINE=InnoDB DEFAULT CHARSET=utf8;



# Dump of table online_dining_promos
# ------------------------------------------------------------

DROP TABLE IF EXISTS `online_dining_promos`;

CREATE TABLE `online_dining_promos` (
  `id` int(11) unsigned NOT NULL AUTO_INCREMENT,
  `title` varchar(100) DEFAULT NULL,
  `sub_title` varchar(100) DEFAULT NULL,
  `description` text,
  `promo_date_text` varchar(100) DEFAULT NULL,
  `for_text` varchar(100) DEFAULT NULL,
  `web_text` varchar(100) DEFAULT NULL,
  `web_url` varchar(255) DEFAULT NULL,
  `sort` int(3) DEFAULT NULL,
  `status` int(1) DEFAULT NULL,
  `created` datetime DEFAULT NULL,
  `modified` datetime DEFAULT NULL,
  PRIMARY KEY (`id`)
) ENGINE=InnoDB DEFAULT CHARSET=utf8;

LOCK TABLES `online_dining_promos` WRITE;
/*!40000 ALTER TABLE `online_dining_promos` DISABLE KEYS */;

INSERT INTO `online_dining_promos` (`id`, `title`, `sub_title`, `description`, `promo_date_text`, `for_text`, `web_text`, `web_url`, `sort`, `status`, `created`, `modified`)
VALUES
	(1,'Hello Worlds &quot;','this is the titles','hello world\r\n\r\nthe sit','until July 2015','Gold Member',NULL,NULL,200,1,'2015-05-25 10:58:38','2015-05-25 11:45:36'),
	(6,'Mcdonald','Buy 1 get 1','Promo with BCA promo baby','100','text','Mcdonlad.com','http://www.mcd.com',999,1,'2015-05-25 11:26:58','2015-05-28 22:26:32');

/*!40000 ALTER TABLE `online_dining_promos` ENABLE KEYS */;
UNLOCK TABLES;


# Dump of table passcodes
# ------------------------------------------------------------

DROP TABLE IF EXISTS `passcodes`;

CREATE TABLE `passcodes` (
  `id` int(11) unsigned NOT NULL AUTO_INCREMENT,
  `passcode` varchar(10) DEFAULT NULL,
  `user_id` int(11) DEFAULT NULL,
  `is_active` int(1) DEFAULT NULL,
  `status` int(1) DEFAULT NULL,
  `created` datetime DEFAULT NULL,
  `modified` datetime DEFAULT NULL,
  PRIMARY KEY (`id`)
) ENGINE=InnoDB DEFAULT CHARSET=utf8;

LOCK TABLES `passcodes` WRITE;
/*!40000 ALTER TABLE `passcodes` DISABLE KEYS */;

INSERT INTO `passcodes` (`id`, `passcode`, `user_id`, `is_active`, `status`, `created`, `modified`)
VALUES
	(1,'1111222234',24,1,1,NULL,NULL),
	(2,'1231233322',25,1,1,NULL,NULL);

/*!40000 ALTER TABLE `passcodes` ENABLE KEYS */;
UNLOCK TABLES;


# Dump of table point_log_types
# ------------------------------------------------------------

DROP TABLE IF EXISTS `point_log_types`;

CREATE TABLE `point_log_types` (
  `id` int(11) unsigned NOT NULL AUTO_INCREMENT,
  `name` varchar(20) DEFAULT NULL,
  PRIMARY KEY (`id`)
) ENGINE=InnoDB DEFAULT CHARSET=utf8;

LOCK TABLES `point_log_types` WRITE;
/*!40000 ALTER TABLE `point_log_types` DISABLE KEYS */;

INSERT INTO `point_log_types` (`id`, `name`)
VALUES
	(1,'Api'),
	(2,'Import');

/*!40000 ALTER TABLE `point_log_types` ENABLE KEYS */;
UNLOCK TABLES;


# Dump of table point_logs
# ------------------------------------------------------------

DROP TABLE IF EXISTS `point_logs`;

CREATE TABLE `point_logs` (
  `id` int(11) unsigned NOT NULL AUTO_INCREMENT,
  `user_id` int(11) DEFAULT NULL,
  `point_log_type_id` int(11) DEFAULT NULL,
  `point` int(11) DEFAULT NULL,
  `date` date DEFAULT NULL,
  `status` int(1) DEFAULT NULL,
  `created` datetime DEFAULT NULL,
  `modified` datetime DEFAULT NULL,
  PRIMARY KEY (`id`)
) ENGINE=InnoDB DEFAULT CHARSET=utf8;



# Dump of table prize_types
# ------------------------------------------------------------

DROP TABLE IF EXISTS `prize_types`;

CREATE TABLE `prize_types` (
  `id` int(11) unsigned NOT NULL AUTO_INCREMENT,
  `name` varchar(100) DEFAULT NULL,
  PRIMARY KEY (`id`)
) ENGINE=InnoDB DEFAULT CHARSET=utf8;

LOCK TABLES `prize_types` WRITE;
/*!40000 ALTER TABLE `prize_types` DISABLE KEYS */;

INSERT INTO `prize_types` (`id`, `name`)
VALUES
	(1,'Daily Prize'),
	(2,'Weekly Prize'),
	(3,'Grand Prize');

/*!40000 ALTER TABLE `prize_types` ENABLE KEYS */;
UNLOCK TABLES;


# Dump of table prizes
# ------------------------------------------------------------

DROP TABLE IF EXISTS `prizes`;

CREATE TABLE `prizes` (
  `id` int(11) unsigned NOT NULL AUTO_INCREMENT,
  `prize_type_id` int(11) DEFAULT NULL,
  `title` varchar(255) DEFAULT NULL,
  `sub_title_1` varchar(100) DEFAULT NULL,
  `sub_title_2` varchar(100) DEFAULT NULL,
  `description` text,
  `sort` int(3) DEFAULT NULL,
  `status` int(1) DEFAULT NULL,
  `created` datetime DEFAULT NULL,
  `modified` datetime DEFAULT NULL,
  PRIMARY KEY (`id`)
) ENGINE=InnoDB DEFAULT CHARSET=utf8;

LOCK TABLES `prizes` WRITE;
/*!40000 ALTER TABLE `prizes` DISABLE KEYS */;

INSERT INTO `prizes` (`id`, `prize_type_id`, `title`, `sub_title_1`, `sub_title_2`, `description`, `sort`, `status`, `created`, `modified`)
VALUES
	(3,2,'Daily Prizes','1231231','123123123','Lorem ipsum dolor sit amet, consectetur adipisicing elit. Est blanditiis dolorem culpa incidunt minus dignissimos deserunt repellat aperiam quasi sunt officia expedita beatae cupiditate, maiores repudiandae, nostrum, reiciendis facere nemo!\r\n\r\nLorem ipsum dolor sit amet, consectetur adipisicing elit. Est blanditiis dolorem culpa incidunt minus dignissimos deserunt repellat aperiam quasi sunt officia expedita beatae cupiditate, maiores repudiandae, nostrum, reiciendis facere nemo!',1,1,'2015-05-25 12:42:48','2015-05-26 10:14:27'),
	(4,1,'Daily Prize','Play the game and get 3 chances to win ','Dining Voucher IDR 50,000','Play the game,\r\nYou have 3 chances a day ,\r\nTo win Rp50,000 dining e-voucher \r\nor Game energies to bigger your chances.',2,1,'2015-05-25 12:43:21','2015-05-30 11:04:13'),
	(5,3,'SHANGHAI','Trip to shanghai','for two people','hello world',99,1,'2015-05-26 10:16:19','2015-05-28 11:40:19');

/*!40000 ALTER TABLE `prizes` ENABLE KEYS */;
UNLOCK TABLES;


# Dump of table provinces
# ------------------------------------------------------------

DROP TABLE IF EXISTS `provinces`;

CREATE TABLE `provinces` (
  `id` int(11) unsigned NOT NULL AUTO_INCREMENT,
  `name` varchar(100) DEFAULT NULL,
  PRIMARY KEY (`id`)
) ENGINE=InnoDB DEFAULT CHARSET=utf8;

LOCK TABLES `provinces` WRITE;
/*!40000 ALTER TABLE `provinces` DISABLE KEYS */;

INSERT INTO `provinces` (`id`, `name`)
VALUES
	(1,'Jakarta'),
	(2,'Surabaya'),
	(3,'Medan'),
	(4,'Others');

/*!40000 ALTER TABLE `provinces` ENABLE KEYS */;
UNLOCK TABLES;


# Dump of table schedules
# ------------------------------------------------------------

DROP TABLE IF EXISTS `schedules`;

CREATE TABLE `schedules` (
  `id` int(11) unsigned NOT NULL AUTO_INCREMENT,
  `doctor_id` int(11) DEFAULT NULL,
  `schedule_treatment_id` int(11) DEFAULT NULL,
  `gender` int(1) DEFAULT NULL,
  `schedule_treatment_time_id` int(11) DEFAULT NULL,
  `date` date DEFAULT NULL,
  `first_name` varchar(255) DEFAULT NULL,
  `last_name` varchar(255) DEFAULT NULL,
  `email` varchar(255) DEFAULT NULL,
  `phone_number` varchar(255) DEFAULT NULL,
  `information` text,
  `status` int(1) DEFAULT NULL,
  `created` datetime DEFAULT NULL,
  `modified` datetime DEFAULT NULL,
  PRIMARY KEY (`id`)
) ENGINE=InnoDB DEFAULT CHARSET=utf8;

LOCK TABLES `schedules` WRITE;
/*!40000 ALTER TABLE `schedules` DISABLE KEYS */;

INSERT INTO `schedules` (`id`, `doctor_id`, `schedule_treatment_id`, `gender`, `schedule_treatment_time_id`, `date`, `first_name`, `last_name`, `email`, `phone_number`, `information`, `status`, `created`, `modified`)
VALUES
	(1,20,1,1,1,'2015-05-18','First Name','Last Name','Email','323232323','Additional Information',NULL,'2015-05-18 22:56:04','2015-05-18 23:17:53');

/*!40000 ALTER TABLE `schedules` ENABLE KEYS */;
UNLOCK TABLES;


# Dump of table settings
# ------------------------------------------------------------

DROP TABLE IF EXISTS `settings`;

CREATE TABLE `settings` (
  `id` int(11) NOT NULL AUTO_INCREMENT,
  `site_name` varchar(255) NOT NULL DEFAULT '',
  `site_title` varchar(255) NOT NULL DEFAULT '',
  `site_description` text NOT NULL,
  `site_keywords` text NOT NULL,
  `site_domain` varchar(255) NOT NULL DEFAULT '',
  `web_url` varchar(255) NOT NULL DEFAULT 'http://webmld.coda-technology.dev/',
  `wap_url` varchar(255) NOT NULL DEFAULT 'http://mld.coda-technology.dev/',
  `cms_url` varchar(255) NOT NULL,
  `path_content` varchar(255) NOT NULL DEFAULT 'D:/xampp/htdocs/mld-web/contents/',
  `path_webroot` varchar(255) NOT NULL,
  `facebook_app_id` varchar(255) NOT NULL,
  `facebook_app_secret` varchar(255) NOT NULL,
  `bucket_name` varchar(255) DEFAULT NULL,
  `aws_host` varchar(255) DEFAULT NULL,
  `aws_host_url` varchar(255) DEFAULT NULL,
  `aws_access_key` varchar(255) DEFAULT NULL,
  `aws_secret_key` varchar(255) DEFAULT NULL,
  `mandrill_api_key` varchar(100) DEFAULT NULL,
  `hsbc_web_url` varchar(100) DEFAULT NULL,
  PRIMARY KEY (`id`)
) ENGINE=MyISAM DEFAULT CHARSET=utf8;

LOCK TABLES `settings` WRITE;
/*!40000 ALTER TABLE `settings` DISABLE KEYS */;

INSERT INTO `settings` (`id`, `site_name`, `site_title`, `site_description`, `site_keywords`, `site_domain`, `web_url`, `wap_url`, `cms_url`, `path_content`, `path_webroot`, `facebook_app_id`, `facebook_app_secret`, `bucket_name`, `aws_host`, `aws_host_url`, `aws_access_key`, `aws_secret_key`, `mandrill_api_key`, `hsbc_web_url`)
VALUES
	(2,'iCelebrateFood HSBC','iCelebrateFood HSBC','iCelebrateFood HSBC','iCelebrateFood HSBC','www.icelebratefood.com','http://www.icelebratefood.com/','','http://www.icelebratefood.com/','/Library/WebServer/Documents/amaya-004-hsbc/app/webroot/contents/','','','','','','','','','Wi8K7CXGFDE4aYM9jY4JmA','http://www.hsbc.com');

/*!40000 ALTER TABLE `settings` ENABLE KEYS */;
UNLOCK TABLES;


# Dump of table sponsored_files
# ------------------------------------------------------------

DROP TABLE IF EXISTS `sponsored_files`;

CREATE TABLE `sponsored_files` (
  `id` int(11) NOT NULL AUTO_INCREMENT,
  `mime_type` varchar(100) DEFAULT NULL,
  `title` text,
  `post_name` varchar(100) DEFAULT NULL,
  `host` varchar(200) DEFAULT NULL,
  `url` varchar(200) DEFAULT NULL,
  `url_thumb` varchar(200) DEFAULT NULL,
  `video_url` text NOT NULL,
  `url_link` text,
  `sort` int(3) DEFAULT NULL,
  `status` int(1) DEFAULT NULL,
  `created` datetime DEFAULT NULL,
  `modified` datetime DEFAULT NULL,
  PRIMARY KEY (`id`)
) ENGINE=MyISAM DEFAULT CHARSET=utf8;

LOCK TABLES `sponsored_files` WRITE;
/*!40000 ALTER TABLE `sponsored_files` DISABLE KEYS */;

INSERT INTO `sponsored_files` (`id`, `mime_type`, `title`, `post_name`, `host`, `url`, `url_thumb`, `video_url`, `url_link`, `sort`, `status`, `created`, `modified`)
VALUES
	(11,'image/png','hello worllddd','hello_worllddd','http://www.icelebratefood.com/','contents/SponsoredFiles/2015/05/hello_worllddd.png','contents/SponsoredFiles/2015/05/hello_worllddd_150x150.png','','http://www.google.com',1,1,'2015-05-22 15:28:39','2015-05-25 09:47:47'),
	(12,'image/png','&quot;MCD','mcd','http://www.icelebratefood.com/','contents/SponsoredFiles/2015/05/mcd.png','contents/SponsoredFiles/2015/05/mcd_150x150.png','','http://www.mcdonalds.com',100,1,'2015-05-22 15:29:46','2015-05-25 11:47:08');

/*!40000 ALTER TABLE `sponsored_files` ENABLE KEYS */;
UNLOCK TABLES;


# Dump of table user_avatars
# ------------------------------------------------------------

DROP TABLE IF EXISTS `user_avatars`;

CREATE TABLE `user_avatars` (
  `id` int(11) unsigned NOT NULL AUTO_INCREMENT,
  `title` varchar(50) DEFAULT NULL,
  `image_1` varchar(255) DEFAULT NULL,
  `image_2` varchar(255) DEFAULT NULL,
  `status` int(1) DEFAULT NULL,
  `created` datetime DEFAULT NULL,
  `modified` datetime DEFAULT NULL,
  PRIMARY KEY (`id`)
) ENGINE=InnoDB DEFAULT CHARSET=utf8;

LOCK TABLES `user_avatars` WRITE;
/*!40000 ALTER TABLE `user_avatars` DISABLE KEYS */;

INSERT INTO `user_avatars` (`id`, `title`, `image_1`, `image_2`, `status`, `created`, `modified`)
VALUES
	(1,'boy 1',NULL,NULL,1,NULL,NULL);

/*!40000 ALTER TABLE `user_avatars` ENABLE KEYS */;
UNLOCK TABLES;


# Dump of table users
# ------------------------------------------------------------

DROP TABLE IF EXISTS `users`;

CREATE TABLE `users` (
  `id` int(11) unsigned NOT NULL AUTO_INCREMENT,
  `user_avatar_id` int(11) DEFAULT NULL,
  `province_id` int(11) DEFAULT NULL,
  `username` varchar(100) DEFAULT NULL,
  `passcode` varchar(10) DEFAULT NULL,
  `first_name` varchar(255) DEFAULT NULL,
  `last_name` varchar(255) DEFAULT NULL,
  `email` varchar(255) DEFAULT NULL,
  `password` varchar(255) DEFAULT NULL,
  `gender` int(1) DEFAULT NULL,
  `address` text,
  `points` int(10) DEFAULT '0',
  `phone_number` varchar(25) DEFAULT NULL,
  `join_date` date DEFAULT NULL,
  `status` int(1) DEFAULT NULL,
  `created` datetime DEFAULT NULL,
  `modified` datetime DEFAULT NULL,
  PRIMARY KEY (`id`)
) ENGINE=MyISAM DEFAULT CHARSET=utf8;

LOCK TABLES `users` WRITE;
/*!40000 ALTER TABLE `users` DISABLE KEYS */;

INSERT INTO `users` (`id`, `user_avatar_id`, `province_id`, `username`, `passcode`, `first_name`, `last_name`, `email`, `password`, `gender`, `address`, `points`, `phone_number`, `join_date`, `status`, `created`, `modified`)
VALUES
	(24,1,1,'kossa','1111222234',NULL,NULL,'kossaaudi84@gmail.com',NULL,NULL,NULL,0,NULL,'2015-05-28',1,'2015-05-28 16:03:15','2015-05-28 16:03:15'),
	(25,1,1,'putra','1231233322',NULL,NULL,'putra@dinomiko.com',NULL,NULL,NULL,0,NULL,'2015-05-28',1,'2015-05-28 16:05:15','2015-05-28 16:05:15');

/*!40000 ALTER TABLE `users` ENABLE KEYS */;
UNLOCK TABLES;


# Dump of table web_page_types
# ------------------------------------------------------------

DROP TABLE IF EXISTS `web_page_types`;

CREATE TABLE `web_page_types` (
  `id` int(11) unsigned NOT NULL AUTO_INCREMENT,
  `name` varchar(50) DEFAULT NULL,
  PRIMARY KEY (`id`)
) ENGINE=InnoDB DEFAULT CHARSET=utf8;

LOCK TABLES `web_page_types` WRITE;
/*!40000 ALTER TABLE `web_page_types` DISABLE KEYS */;

INSERT INTO `web_page_types` (`id`, `name`)
VALUES
	(1,'Join Now Page'),
	(2,'Login Page'),
	(3,'Prize Page'),
	(4,'How To Page'),
	(5,'Leaderboard Page'),
	(6,'Online Dining Promo Page'),
	(7,'terms and conditions page'),
	(8,'Profile Page'),
	(9,'Blog Page');

/*!40000 ALTER TABLE `web_page_types` ENABLE KEYS */;
UNLOCK TABLES;


# Dump of table web_pages
# ------------------------------------------------------------

DROP TABLE IF EXISTS `web_pages`;

CREATE TABLE `web_pages` (
  `id` int(11) unsigned NOT NULL AUTO_INCREMENT,
  `web_page_type_id` int(11) DEFAULT NULL,
  `sort` int(3) DEFAULT NULL,
  `title` varchar(255) DEFAULT NULL,
  `sub_title_1` varchar(100) DEFAULT NULL,
  `sub_title_2` varchar(100) DEFAULT NULL,
  `description` text,
  `status` int(1) DEFAULT NULL,
  `created` datetime DEFAULT NULL,
  `modified` datetime DEFAULT NULL,
  PRIMARY KEY (`id`)
) ENGINE=InnoDB DEFAULT CHARSET=utf8;

LOCK TABLES `web_pages` WRITE;
/*!40000 ALTER TABLE `web_pages` DISABLE KEYS */;

INSERT INTO `web_pages` (`id`, `web_page_type_id`, `sort`, `title`, `sub_title_1`, `sub_title_2`, `description`, `status`, `created`, `modified`)
VALUES
	(1,1,100,'WIN A CHANCE','','','TO TASTE A SENSATIONAL \r\nCHINESE CUISINE \r\nIN SHANGHAI',1,'2015-05-30 09:48:53','2015-05-30 09:50:27'),
	(2,2,100,'JOIN #iCelebrateFood','Sign up now, ','','collect your energies and win sensational culinary trip in Shanghai for 2(two). Play the game and you can also win thousands dining vouchers',1,'2015-05-30 10:11:03','2015-05-30 10:50:05'),
	(3,3,100,'THE PRIZES','Lorem ipsum','','',1,'2015-05-30 11:00:00','2015-05-30 11:00:00'),
	(4,4,100,'HOW TO','Win an unforgettable experience in Shanghai by following these simple steps','','',1,'2015-05-30 11:07:22','2015-05-30 11:07:22'),
	(5,5,100,'Leaderboard','lorem ipsum','','',1,'2015-05-30 11:13:51','2015-05-30 11:14:24'),
	(6,6,100,'ONLINE DINING PROMO','Lorem Ipsum','','',1,'2015-05-30 11:16:22','2015-05-30 11:16:22'),
	(7,7,100,'TERMS &amp; CONDITIONS','Lorem ipsum dolor sit amet consectetur.','','Lorem ipsum dolor sit amet, consectetur adipiscing elit. Ut vehicula, turpis ac rhoncus feugiat, orci ligula dictum ipsum, at bibendum ipsum nibh et eros. Nam pellentesque, nisi vitae rhoncus eleifend, sem dui elementum odio, sed porta ligula orci et turpis. Nam malesuada, erat ut interdum feugiat, orci turpis cursus tellus, ut interdum metus arcu vitae ligula. In lacus nulla, laoreet quis faucibus ut, porta porta ipsum. Praesent quis nisi ante. Nullam enim odio, blandit sit amet suscipit in, congue gravida lacus. Cras dictum dui mauris, sed lacinia nisi vulputate sed. In gravida ex urna, non tempor tellus convallis rhoncus. Nunc nec volutpat augue. Fusce arcu elit, posuere eget ex sed, faucibus iaculis dui. Sed elementum sapien ac tincidunt cursus.',1,'2015-05-30 11:23:31','2015-05-30 11:28:33'),
	(8,8,100,'Profile Page','','','',1,'2015-05-31 16:32:19','2015-05-31 16:32:19'),
	(9,9,100,'Blog Page','','','',1,'2015-05-31 17:19:33','2015-05-31 17:19:33');

/*!40000 ALTER TABLE `web_pages` ENABLE KEYS */;
UNLOCK TABLES;



/*!40111 SET SQL_NOTES=@OLD_SQL_NOTES */;
/*!40101 SET SQL_MODE=@OLD_SQL_MODE */;
/*!40014 SET FOREIGN_KEY_CHECKS=@OLD_FOREIGN_KEY_CHECKS */;
/*!40101 SET CHARACTER_SET_CLIENT=@OLD_CHARACTER_SET_CLIENT */;
/*!40101 SET CHARACTER_SET_RESULTS=@OLD_CHARACTER_SET_RESULTS */;
/*!40101 SET COLLATION_CONNECTION=@OLD_COLLATION_CONNECTION */;
